"migration_version","migration_name","production_history","classification","compared_production_objects","fingerprint_evidence","data_compatibility_notes","rehearsal_result","dml_scope","dml_targets","dml_review_status","production_data_impact","approved_action","reviewer","evidence_timestamp"
"20260513170000","card_fingerprint_regions","untracked","partially_present","public.card_fingerprints","Production object inventory overlaps; exact production baseline was cloned before ordered replay.","Production overlaps one or more legacy targets, but has no migration ledger entry. Similar names were not treated as proof of application.","passed_on_production_schema_baseline","none","none","not_applicable","No INSERT, UPDATE, or DELETE statement detected.","Replay idempotently in order; do not mark applied or repair history merely because objects overlap.","Codex rehearsal; human production approval required","2026-07-29"
"20260513213000","card_clip_embeddings","untracked","partially_present","public.card_clip_embeddings","Production object inventory overlaps; exact production baseline was cloned before ordered replay.","Production overlaps one or more legacy targets, but has no migration ledger entry. Similar names were not treated as proof of application.","passed_on_production_schema_baseline","none","none","not_applicable","No INSERT, UPDATE, or DELETE statement detected.","Replay idempotently in order; do not mark applied or repair history merely because objects overlap.","Codex rehearsal; human production approval required","2026-07-29"
"20260516195500","seller_inventory_sales","untracked","partially_present","public.seller_inventory_items; public.seller_sale_transaction_items; public.seller_sale_transactions","Production object inventory overlaps; exact production baseline was cloned before ordered replay.","Production overlaps one or more legacy targets, but has no migration ledger entry. Similar names were not treated as proof of application.","passed_on_production_schema_baseline","none","none","not_applicable","No INSERT, UPDATE, or DELETE statement detected.","Replay idempotently in order; do not mark applied or repair history merely because objects overlap.","Codex rehearsal; human production approval required","2026-07-29"
"20260518120000","local_postcode_distance","untracked","partially_present","public.local_featured_events; public.local_meetup_attendees; public.local_meetups; public.local_stores","Production object inventory overlaps; exact production baseline was cloned before ordered replay.","Production overlaps one or more legacy targets, but has no migration ledger entry. Similar names were not treated as proof of application.","passed_on_production_schema_baseline","none","none","not_applicable","No INSERT, UPDATE, or DELETE statement detected.","Replay idempotently in order; do not mark applied or repair history merely because objects overlap.","Codex rehearsal; human production approval required","2026-07-29"
"20260518124500","market_price_snapshots_read_policy","untracked","partially_present","public.market_price_snapshots","Production object inventory overlaps; exact production baseline was cloned before ordered replay.","Production overlaps one or more legacy targets, but has no migration ledger entry. Similar names were not treated as proof of application.","passed_on_production_schema_baseline","none","none","not_applicable","No INSERT, UPDATE, or DELETE statement detected.","Replay idempotently in order; do not mark applied or repair history merely because objects overlap.","Codex rehearsal; human production approval required","2026-07-29"
"20260518133000","trade_listing_metadata","untracked","partially_present","public.user_card_flags","Production object inventory overlaps; exact production baseline was cloned before ordered replay.","Production overlaps one or more legacy targets, but has no migration ledger entry. Similar names were not treated as proof of application.","passed_on_production_schema_baseline","none","none","not_applicable","No INSERT, UPDATE, or DELETE statement detected.","Replay idempotently in order; do not mark applied or repair history merely because objects overlap.","Codex rehearsal; human production approval required","2026-07-29"
"20260518142000","seller_inventory_products","untracked","partially_present","public.seller_inventory_items; public.seller_sale_transaction_items","Production object inventory overlaps; exact production baseline was cloned before ordered replay.","Production overlaps one or more legacy targets, but has no migration ledger entry. Similar names were not treated as proof of application.","passed_on_production_schema_baseline","none","none","not_applicable","No INSERT, UPDATE, or DELETE statement detected.","Replay idempotently in order; do not mark applied or repair history merely because objects overlap.","Codex rehearsal; human production approval required","2026-07-29"
"20260518145500","market_products","untracked","partially_present","public.market_product_price_snapshots; public.market_products","Production object inventory overlaps; exact production baseline was cloned before ordered replay.","Production overlaps one or more legacy targets, but has no migration ledger entry. Similar names were not treated as proof of application.","passed_on_production_schema_baseline","none","none","not_applicable","No INSERT, UPDATE, or DELETE statement detected.","Replay idempotently in order; do not mark applied or repair history merely because objects overlap.","Codex rehearsal; human production approval required","2026-07-29"
"20260518150000","seed_market_products","untracked","partially_present","functions, indexes, policies, grants, or seed rows named by the migration","Production object inventory overlaps; exact production baseline was cloned before ordered replay.","Production overlaps one or more legacy targets, but has no migration ledger entry. Similar names were not treated as proof of application. Contains DML; the schema-only rehearsal does not prove live-row effects.","passed_on_production_schema_baseline","migration_time","public.market_products","reviewed","Upserts 16 seed identities. Fourteen are existing final identities; two obsolete sealed-product identities are inserted temporarily and removed by 20260519102000.","Replay idempotently in order; do not mark applied or repair history merely because objects overlap.","Codex rehearsal; human production approval required","2026-07-29"
"20260519102000","seed_market_product_expansion","untracked","partially_present","functions, indexes, policies, grants, or seed rows named by the migration","Production object inventory overlaps; exact production baseline was cloned before ordered replay.","Production overlaps one or more legacy targets, but has no migration ledger entry. Similar names were not treated as proof of application. Contains DML; the schema-only rehearsal does not prove live-row effects.","passed_on_production_schema_baseline","migration_time","public.market_products","reviewed","Upserts 14 expansion identities and deletes two obsolete identities. All 28 final identities already exist; 17 final rows differ in at least one seeded field. Net final row-count change is zero.","Replay idempotently in order; do not mark applied or repair history merely because objects overlap.","Codex rehearsal; human production approval required","2026-07-29"
"20260519124500","market_product_tcgcsv_prices","untracked","partially_present","public.market_product_price_snapshots","Production object inventory overlaps; exact production baseline was cloned before ordered replay.","Production overlaps one or more legacy targets, but has no migration ledger entry. Similar names were not treated as proof of application.","passed_on_production_schema_baseline","none","none","not_applicable","No INSERT, UPDATE, or DELETE statement detected.","Replay idempotently in order; do not mark applied or repair history merely because objects overlap.","Codex rehearsal; human production approval required","2026-07-29"
"20260521143000","admin_social_content","untracked","partially_present","public.community_news","Production object inventory overlaps; exact production baseline was cloned before ordered replay.","Production overlaps one or more legacy targets, but has no migration ledger entry. Similar names were not treated as proof of application.","passed_on_production_schema_baseline","none","none","not_applicable","No INSERT, UPDATE, or DELETE statement detected.","Replay idempotently in order; do not mark applied or repair history merely because objects overlap.","Codex rehearsal; human production approval required","2026-07-29"
"20260521152000","community_news_sources","untracked","partially_present","public.community_news","Production object inventory overlaps; exact production baseline was cloned before ordered replay.","Production overlaps one or more legacy targets, but has no migration ledger entry. Similar names were not treated as proof of application.","passed_on_production_schema_baseline","none","none","not_applicable","No INSERT, UPDATE, or DELETE statement detected.","Replay idempotently in order; do not mark applied or repair history merely because objects overlap.","Codex rehearsal; human production approval required","2026-07-29"
"20260526170000","user_pokedex_cards","untracked","partially_present","public.user_pokedex_cards","Production object inventory overlaps; exact production baseline was cloned before ordered replay.","Production overlaps one or more legacy targets, but has no migration ledger entry. Similar names were not treated as proof of application.","passed_on_production_schema_baseline","none","none","not_applicable","No INSERT, UPDATE, or DELETE statement detected.","Replay idempotently in order; do not mark applied or repair history merely because objects overlap.","Codex rehearsal; human production approval required","2026-07-29"
"20260526171500","binder_cards_condition","untracked","partially_present","public.binder_cards","Production object inventory overlaps; exact production baseline was cloned before ordered replay.","Production overlaps one or more legacy targets, but has no migration ledger entry. Similar names were not treated as proof of application.","passed_on_production_schema_baseline","none","none","not_applicable","No INSERT, UPDATE, or DELETE statement detected.","Replay idempotently in order; do not mark applied or repair history merely because objects overlap.","Codex rehearsal; human production approval required","2026-07-29"
"20260527120000","explicit_data_api_grants","untracked","partially_present","functions, indexes, policies, grants, or seed rows named by the migration","Production object inventory overlaps; exact production baseline was cloned before ordered replay.","Production overlaps one or more legacy targets, but has no migration ledger entry. Similar names were not treated as proof of application.","passed_on_production_schema_baseline","none","none","not_applicable","No INSERT, UPDATE, or DELETE statement detected.","Replay idempotently in order; do not mark applied or repair history merely because objects overlap.","Codex rehearsal; human production approval required","2026-07-29"
"20260527123000","repair_new_user_profile_trigger","untracked","partially_present","functions, indexes, policies, grants, or seed rows named by the migration","Production object inventory overlaps; exact production baseline was cloned before ordered replay.","Production overlaps one or more legacy targets, but has no migration ledger entry. Similar names were not treated as proof of application. Contains DML; the schema-only rehearsal does not prove live-row effects.","passed_on_production_schema_baseline","function_body_only","public.profiles","reviewed_function_definition","No migration-time row change. INSERT and UPDATE statements execute only for future auth.users insert events.","Replay idempotently in order; do not mark applied or repair history merely because objects overlap.","Codex rehearsal; human production approval required","2026-07-29"
"20260528100000","binder_default_condition","untracked","partially_present","public.binders","Production object inventory overlaps; exact production baseline was cloned before ordered replay.","Production overlaps one or more legacy targets, but has no migration ledger entry. Similar names were not treated as proof of application.","passed_on_production_schema_baseline","none","none","not_applicable","No INSERT, UPDATE, or DELETE statement detected.","Replay idempotently in order; do not mark applied or repair history merely because objects overlap.","Codex rehearsal; human production approval required","2026-07-29"
"20260528103000","binder_master_set_enabled","untracked","partially_present","public.binders","Production object inventory overlaps; exact production baseline was cloned before ordered replay.","Production overlaps one or more legacy targets, but has no migration ledger entry. Similar names were not treated as proof of application.","passed_on_production_schema_baseline","none","none","not_applicable","No INSERT, UPDATE, or DELETE statement detected.","Replay idempotently in order; do not mark applied or repair history merely because objects overlap.","Codex rehearsal; human production approval required","2026-07-29"
"20260528110000","user_achievements","untracked","partially_present","public.user_achievement_events; public.user_achievements","Production object inventory overlaps; exact production baseline was cloned before ordered replay.","Production overlaps one or more legacy targets, but has no migration ledger entry. Similar names were not treated as proof of application.","passed_on_production_schema_baseline","none","none","not_applicable","No INSERT, UPDATE, or DELETE statement detected.","Replay idempotently in order; do not mark applied or repair history merely because objects overlap.","Codex rehearsal; human production approval required","2026-07-29"
"20260528113000","user_coin_rewards","untracked","partially_present","public.profiles; public.user_coin_ledger; public.user_cosmetics","Production object inventory overlaps; exact production baseline was cloned before ordered replay.","Production overlaps one or more legacy targets, but has no migration ledger entry. Similar names were not treated as proof of application.","passed_on_production_schema_baseline","none","none","not_applicable","No INSERT, UPDATE, or DELETE statement detected.","Replay idempotently in order; do not mark applied or repair history merely because objects overlap.","Codex rehearsal; human production approval required","2026-07-29"
"20260528114500","server_side_coin_awards","untracked","partially_present","public.achievement_coin_rewards; public.cosmetic_catalog","Production object inventory overlaps; exact production baseline was cloned before ordered replay.","Replay passed. The advisor found RLS missing on achievement_coin_rewards; the migration now enables RLS and grants authenticated read access through an explicit policy. Contains DML; the schema-only rehearsal does not prove live-row effects.","passed_on_production_schema_baseline","migration_time_and_runtime_definition","public.achievement_coin_rewards; public.user_coin_ledger; public.cosmetic_catalog; public.user_cosmetics","reviewed_policy_confirmation_required","Creates 15 reward rows and four cosmetic rows. Existing achievements would add 68 ledger rows. Later reward migrations seed 38 more rewards but do not retroactively backfill the 26 matching existing achievements.","Replay idempotently in order; do not mark applied or repair history merely because objects overlap.","Codex rehearsal; human production approval required","2026-07-29"
"20260528120500","remove_android_beta_email_opt_in","untracked","partially_present","public.profiles","Production object inventory overlaps; exact production baseline was cloned before ordered replay.","Production overlaps one or more legacy targets, but has no migration ledger entry. Similar names were not treated as proof of application.","passed_on_production_schema_baseline","none","none","not_applicable","No INSERT, UPDATE, or DELETE statement detected.","Replay idempotently in order; do not mark applied or repair history merely because objects overlap.","Codex rehearsal; human production approval required","2026-07-29"
"20260529100000","binder_owner_rls","untracked","partially_present","public.binder_cards; public.binders","Production object inventory overlaps; exact production baseline was cloned before ordered replay.","Production overlaps one or more legacy targets, but has no migration ledger entry. Similar names were not treated as proof of application.","passed_on_production_schema_baseline","none","none","not_applicable","No INSERT, UPDATE, or DELETE statement detected.","Replay idempotently in order; do not mark applied or repair history merely because objects overlap.","Codex rehearsal; human production approval required","2026-07-29"
"20260529102000","admin_binder_directory","untracked","partially_present","functions, indexes, policies, grants, or seed rows named by the migration","Production object inventory overlaps; exact production baseline was cloned before ordered replay.","Production overlaps one or more legacy targets, but has no migration ledger entry. Similar names were not treated as proof of application.","passed_on_production_schema_baseline","none","none","not_applicable","No INSERT, UPDATE, or DELETE statement detected.","Replay idempotently in order; do not mark applied or repair history merely because objects overlap.","Codex rehearsal; human production approval required","2026-07-29"
"20260529103000","admin_binder_directory_view","untracked","partially_present","public.admin_binder_directory_view","Production object inventory overlaps; exact production baseline was cloned before ordered replay.","Production overlaps one or more legacy targets, but has no migration ledger entry. Similar names were not treated as proof of application.","passed_on_production_schema_baseline","none","none","not_applicable","No INSERT, UPDATE, or DELETE statement detected.","Replay idempotently in order; do not mark applied or repair history merely because objects overlap.","Codex rehearsal; human production approval required","2026-07-29"
"20260529195500","repair_user_pokedex_cards","untracked","partially_present","public.user_pokedex_cards","Production object inventory overlaps; exact production baseline was cloned before ordered replay.","Production overlaps one or more legacy targets, but has no migration ledger entry. Similar names were not treated as proof of application.","passed_on_production_schema_baseline","none","none","not_applicable","No INSERT, UPDATE, or DELETE statement detected.","Replay idempotently in order; do not mark applied or repair history merely because objects overlap.","Codex rehearsal; human production approval required","2026-07-29"
"20260602120000","user_card_variants_quantity","untracked","partially_present","public.user_card_variants","Production object inventory overlaps; exact production baseline was cloned before ordered replay.","Production overlaps one or more legacy targets, but has no migration ledger entry. Similar names were not treated as proof of application.","passed_on_production_schema_baseline","none","none","not_applicable","No INSERT, UPDATE, or DELETE statement detected.","Replay idempotently in order; do not mark applied or repair history merely because objects overlap.","Codex rehearsal; human production approval required","2026-07-29"
"20260602133000","binder_card_mode","untracked","partially_present","public.binders","Production object inventory overlaps; exact production baseline was cloned before ordered replay.","Production overlaps one or more legacy targets, but has no migration ledger entry. Similar names were not treated as proof of application.","passed_on_production_schema_baseline","none","none","not_applicable","No INSERT, UPDATE, or DELETE statement detected.","Replay idempotently in order; do not mark applied or repair history merely because objects overlap.","Codex rehearsal; human production approval required","2026-07-29"
"20260603100000","binder_card_grading","untracked","partially_present","public.binder_cards","Production object inventory overlaps; exact production baseline was cloned before ordered replay.","Production overlaps one or more legacy targets, but has no migration ledger entry. Similar names were not treated as proof of application.","passed_on_production_schema_baseline","none","none","not_applicable","No INSERT, UPDATE, or DELETE statement detected.","Replay idempotently in order; do not mark applied or repair history merely because objects overlap.","Codex rehearsal; human production approval required","2026-07-29"
"20260605120000","poketrace_api_cache","untracked","partially_present","public.poketrace_api_cache","Production object inventory overlaps; exact production baseline was cloned before ordered replay.","Production overlaps one or more legacy targets, but has no migration ledger entry. Similar names were not treated as proof of application.","passed_on_production_schema_baseline","none","none","not_applicable","No INSERT, UPDATE, or DELETE statement detected.","Replay idempotently in order; do not mark applied or repair history merely because objects overlap.","Codex rehearsal; human production approval required","2026-07-29"
"20260605130000","binder_card_owned_quantity","untracked","partially_present","public.binder_cards","Production object inventory overlaps; exact production baseline was cloned before ordered replay.","Production overlaps one or more legacy targets, but has no migration ledger entry. Similar names were not treated as proof of application.","passed_on_production_schema_baseline","none","none","not_applicable","No INSERT, UPDATE, or DELETE statement detected.","Replay idempotently in order; do not mark applied or repair history merely because objects overlap.","Codex rehearsal; human production approval required","2026-07-29"
"20260605133000","user_card_variants_unique_key","untracked","partially_present","functions, indexes, policies, grants, or seed rows named by the migration","Production object inventory overlaps; exact production baseline was cloned before ordered replay.","Production overlaps one or more legacy targets, but has no migration ledger entry. Similar names were not treated as proof of application.","passed_on_production_schema_baseline","none","none","not_applicable","No INSERT, UPDATE, or DELETE statement detected.","Replay idempotently in order; do not mark applied or repair history merely because objects overlap.","Codex rehearsal; human production approval required","2026-07-29"
"20260605214500","user_card_variants_allow_multiple_variants","untracked","partially_present","public.user_card_variants","Production object inventory overlaps; exact production baseline was cloned before ordered replay.","Production overlaps one or more legacy targets, but has no migration ledger entry. Similar names were not treated as proof of application. Contains DML; the schema-only rehearsal does not prove live-row effects.","passed_on_production_schema_baseline","migration_time","public.user_card_variants","reviewed","Production has 615 rows, zero duplicate identity groups, and zero excess rows to delete. The surviving-row quantity UPDATE is value-preserving for the observed data.","Replay idempotently in order; do not mark applied or repair history merely because objects overlap.","Codex rehearsal; human production approval required","2026-07-29"
"20260621170000","rookie_accolade_rewards","untracked","not_present","functions, indexes, policies, grants, or seed rows named by the migration","Target schema or intended change absent from the read-only production inventory; ordered clone replay passed.","No tracked migration was found, and the target schema or intended change is absent from production. The migration passed in the ordered rehearsal. Contains DML; the schema-only rehearsal does not prove live-row effects.","passed_on_production_schema_baseline","migration_time","public.achievement_coin_rewards","reviewed_policy_confirmation_required","Seeds 36 coded reward rows after the historical ledger backfill. Twenty-six existing achievements match this and the following reward seed, but receive no retroactive ledger entry.","Apply normally in order after backup, dry run, data review, and explicit approval.","Codex rehearsal; human production approval required","2026-07-29"
"20260623120000","binder_card_slab_metadata","untracked","partially_present","public.binder_cards","Production object inventory overlaps; exact production baseline was cloned before ordered replay.","Production overlaps one or more legacy targets, but has no migration ledger entry. Similar names were not treated as proof of application.","passed_on_production_schema_baseline","none","none","not_applicable","No INSERT, UPDATE, or DELETE statement detected.","Replay idempotently in order; do not mark applied or repair history merely because objects overlap.","Codex rehearsal; human production approval required","2026-07-29"
"20260627120000","inventory_movements_and_binder_schema_repair","untracked","partially_present","public.binders; public.inventory_movements","Production object inventory overlaps; exact production baseline was cloned before ordered replay.","Initial replay failed because inventory_movements.binder_id was text while production binders.id is uuid. The foreign-key column now uses uuid and the clean replay passed.","passed_on_production_schema_baseline","none","none","not_applicable","No INSERT, UPDATE, or DELETE statement detected.","Replay idempotently in order; do not mark applied or repair history merely because objects overlap.","Codex rehearsal; human production approval required","2026-07-29"
"20260628100000","listing_media_metadata","untracked","partially_present","public.user_card_flags","Production object inventory overlaps; exact production baseline was cloned before ordered replay.","Production overlaps one or more legacy targets, but has no migration ledger entry. Similar names were not treated as proof of application.","passed_on_production_schema_baseline","none","none","not_applicable","No INSERT, UPDATE, or DELETE statement detected.","Replay idempotently in order; do not mark applied or repair history merely because objects overlap.","Codex rehearsal; human production approval required","2026-07-29"
"20260628120000","strong_goblin_achievement_rewards","untracked","not_present","functions, indexes, policies, grants, or seed rows named by the migration","Target schema or intended change absent from the read-only production inventory; ordered clone replay passed.","No tracked migration was found, and the target schema or intended change is absent from production. The migration passed in the ordered rehearsal. Contains DML; the schema-only rehearsal does not prove live-row effects.","passed_on_production_schema_baseline","migration_time","public.achievement_coin_rewards","reviewed_policy_confirmation_required","Seeds two additional coded reward rows after the historical ledger backfill. Included in the 26 existing achievements requiring an explicit retroactive-award policy decision.","Apply normally in order after backup, dry run, data review, and explicit approval.","Codex rehearsal; human production approval required","2026-07-29"
"20260701195000","marketplace_schema_repair","untracked","partially_present","public.user_card_flags","Production object inventory overlaps; exact production baseline was cloned before ordered replay.","Production overlaps one or more legacy targets, but has no migration ledger entry. Similar names were not treated as proof of application. Contains DML; the schema-only rehearsal does not prove live-row effects.","passed_on_production_schema_baseline","migration_time","public.user_card_flags","reviewed","Production has 23 rows and 16 trade rows. No invalid or null listing statuses exist; post-ADD defaults make both backfill UPDATE statements affect zero rows. Existing listing_images is jsonb rather than the migration declaration text[].","Replay idempotently in order; do not mark applied or repair history merely because objects overlap.","Codex rehearsal; human production approval required","2026-07-29"
"20260702120000","owned_card_membership_model","untracked","partially_present","public.binder_cards; public.user_card_variants","Production object inventory overlaps; exact production baseline was cloned before ordered replay.","Production overlaps one or more legacy targets, but has no migration ledger entry. Similar names were not treated as proof of application. Contains DML; the schema-only rehearsal does not prove live-row effects.","passed_on_production_schema_baseline","migration_time","public.user_card_variants; public.binder_cards","reviewed_policy_confirmation_required","Would insert 981 owned-card identity rows, match 295 existing identities, increase zero existing quantities, and link 1,288 owned binder rows across 1,276 grouped identities.","Replay idempotently in order; do not mark applied or repair history merely because objects overlap.","Codex rehearsal; human production approval required","2026-07-29"
"20260707120000","japanese_card_pricing_support","untracked","partially_present","public.binder_cards; public.market_price_snapshots; public.pokemon_cards; public.pokemon_sets","Production object inventory overlaps; exact production baseline was cloned before ordered replay.","Production overlaps one or more legacy targets, but has no migration ledger entry. Similar names were not treated as proof of application.","passed_on_production_schema_baseline","none","none","not_applicable","No INSERT, UPDATE, or DELETE statement detected.","Replay idempotently in order; do not mark applied or repair history merely because objects overlap.","Codex rehearsal; human production approval required","2026-07-29"
"20260707123000","price_refresh_scheduler","untracked","not_present","public.market_price_snapshots; public.market_watchlist; public.price_refresh_queue; public.price_refresh_runs; public.user_card_flags","Target schema or intended change absent from the read-only production inventory; ordered clone replay passed.","No tracked migration was found, and the target schema or intended change is absent from production. The migration passed in the ordered rehearsal.","passed_on_production_schema_baseline","none","none","not_applicable","No INSERT, UPDATE, or DELETE statement detected.","Apply normally in order after backup, dry run, data review, and explicit approval.","Codex rehearsal; human production approval required","2026-07-29"
"20260714120000","performance_pricing_indexes","untracked","partially_present","functions, indexes, policies, grants, or seed rows named by the migration","Production object inventory overlaps; exact production baseline was cloned before ordered replay.","Production overlaps one or more legacy targets, but has no migration ledger entry. Similar names were not treated as proof of application.","passed_on_production_schema_baseline","none","none","not_applicable","No INSERT, UPDATE, or DELETE statement detected.","Replay idempotently in order; do not mark applied or repair history merely because objects overlap.","Codex rehearsal; human production approval required","2026-07-29"
"20260715120000","binder_language_support","untracked","partially_present","public.binders","Production object inventory overlaps; exact production baseline was cloned before ordered replay.","Production overlaps one or more legacy targets, but has no migration ledger entry. Similar names were not treated as proof of application.","passed_on_production_schema_baseline","none","none","not_applicable","No INSERT, UPDATE, or DELETE statement detected.","Replay idempotently in order; do not mark applied or repair history merely because objects overlap.","Codex rehearsal; human production approval required","2026-07-29"
"20260715143000","minty_insight_platform","untracked","partially_present","public.card_market_metrics; public.market_snapshots; public.minty_insight_signals; public.minty_insights; public.price_alerts; public.price_observations; public.provider_mappings; public.provider_sync_logs; public.user_insight_interactions","Production object inventory overlaps; exact production baseline was cloned before ordered replay.","Initial replay reached a legacy price_alerts table without Minty columns. Guarded ADD COLUMN IF NOT EXISTS statements now complete the table and the clean replay passed.","passed_on_production_schema_baseline","none","none","not_applicable","No INSERT, UPDATE, or DELETE statement detected.","Replay idempotently in order; do not mark applied or repair history merely because objects overlap.","Codex rehearsal; human production approval required","2026-07-29"
"20260717120000","phase1_app_performance_indexes","untracked","partially_present","functions, indexes, policies, grants, or seed rows named by the migration","Production object inventory overlaps; exact production baseline was cloned before ordered replay.","Production overlaps one or more legacy targets, but has no migration ledger entry. Similar names were not treated as proof of application.","passed_on_production_schema_baseline","none","none","not_applicable","No INSERT, UPDATE, or DELETE statement detected.","Replay idempotently in order; do not mark applied or repair history merely because objects overlap.","Codex rehearsal; human production approval required","2026-07-29"
"20260717143000","japanese_catalogue_canonical_schema","untracked","partially_present","public.canonical_card_concepts; public.card_printings; public.card_variants; public.catalogue_review_queue; public.japanese_catalogue_health; public.market_prices; public.market_products; public.price_history; public.provider_mappings; public.provider_records; public.sealed_product_variants; public.sealed_products; public.sync_errors; public.sync_runs; public.tcg_cards; public.tcg_series; public.tcg_sets","Production object inventory overlaps; exact production baseline was cloned before ordered replay.","Production overlaps one or more legacy targets, but has no migration ledger entry. Similar names were not treated as proof of application. Contains DML; the schema-only rehearsal does not prove live-row effects.","passed_on_production_schema_baseline","migration_time","public.provider_records; public.provider_mappings","reviewed","All 5,411 provider records already have non-empty language values. All 5,220 mappings already contain the fields tested by the canonical backfill, so both UPDATE statements affect zero rows.","Replay idempotently in order; do not mark applied or repair history merely because objects overlap.","Codex rehearsal; human production approval required","2026-07-29"
"20260718120000","tcgdex_catalogue_repair","untracked","partially_present","public.card_image_checks; public.card_images; public.card_price_checks; public.card_prices; public.card_printings; public.catalogue_health; public.catalogue_sync_errors; public.catalogue_sync_runs; public.market_prices; public.pokemon_cards; public.price_history; public.provider_card_records; public.tcg_card_printings; public.tcg_cards; public.tcg_sets","Production object inventory overlaps; exact production baseline was cloned before ordered replay.","Production overlaps one or more legacy targets, but has no migration ledger entry. Similar names were not treated as proof of application.","passed_on_production_schema_baseline","none","none","not_applicable","No INSERT, UPDATE, or DELETE statement detected.","Replay idempotently in order; do not mark applied or repair history merely because objects overlap.","Codex rehearsal; human production approval required","2026-07-29"
"20260719110000","fast_global_search_indexes","untracked","partially_present","functions, indexes, policies, grants, or seed rows named by the migration","Production object inventory overlaps; exact production baseline was cloned before ordered replay.","Production overlaps one or more legacy targets, but has no migration ledger entry. Similar names were not treated as proof of application.","passed_on_production_schema_baseline","none","none","not_applicable","No INSERT, UPDATE, or DELETE statement detected.","Replay idempotently in order; do not mark applied or repair history merely because objects overlap.","Codex rehearsal; human production approval required","2026-07-29"
"20260719123000","scan_learning_events","untracked","not_present","public.scan_learning_events","Target schema or intended change absent from the read-only production inventory; ordered clone replay passed.","No tracked migration was found, and the target schema or intended change is absent from production. The migration passed in the ordered rehearsal.","passed_on_production_schema_baseline","none","none","not_applicable","No INSERT, UPDATE, or DELETE statement detected.","Apply normally in order after backup, dry run, data review, and explicit approval.","Codex rehearsal; human production approval required","2026-07-29"
"20260719133000","scan_learning_match_incorrect","untracked","not_present","public.scan_learning_events","Target schema or intended change absent from the read-only production inventory; ordered clone replay passed.","No tracked migration was found, and the target schema or intended change is absent from production. The migration passed in the ordered rehearsal.","passed_on_production_schema_baseline","none","none","not_applicable","No INSERT, UPDATE, or DELETE statement detected.","Apply normally in order after backup, dry run, data review, and explicit approval.","Codex rehearsal; human production approval required","2026-07-29"
"20260720173000","secure_scan_recognition","untracked","not_present","public.scan_recognition_cache; public.scan_recognition_requests","Target schema or intended change absent from the read-only production inventory; ordered clone replay passed.","No tracked migration was found, and the target schema or intended change is absent from production. The migration passed in the ordered rehearsal.","passed_on_production_schema_baseline","none","none","not_applicable","No INSERT, UPDATE, or DELETE statement detected.","Apply normally in order after backup, dry run, data review, and explicit approval.","Codex rehearsal; human production approval required","2026-07-29"
"20260720184000","scan_grading_jobs","untracked","not_present","public.scan_grading_jobs","Target schema or intended change absent from the read-only production inventory; ordered clone replay passed.","No tracked migration was found, and the target schema or intended change is absent from production. The migration passed in the ordered rehearsal.","passed_on_production_schema_baseline","none","none","not_applicable","No INSERT, UPDATE, or DELETE statement detected.","Apply normally in order after backup, dry run, data review, and explicit approval.","Codex rehearsal; human production approval required","2026-07-29"
"20260720235000","scan_analytics_feedback","untracked","not_present","public.scan_learning_events","Target schema or intended change absent from the read-only production inventory; ordered clone replay passed.","No tracked migration was found, and the target schema or intended change is absent from production. The migration passed in the ordered rehearsal.","passed_on_production_schema_baseline","none","none","not_applicable","No INSERT, UPDATE, or DELETE statement detected.","Apply normally in order after backup, dry run, data review, and explicit approval.","Codex rehearsal; human production approval required","2026-07-29"
"20260721090000","scanner_calibration","untracked","not_present","public.scanner_benchmark_cases; public.scanner_benchmark_results; public.scanner_benchmark_runs; public.scanner_threshold_sets","Target schema or intended change absent from the read-only production inventory; ordered clone replay passed.","No tracked migration was found, and the target schema or intended change is absent from production. The migration passed in the ordered rehearsal. Contains DML; the schema-only rehearsal does not prove live-row effects.","passed_on_production_schema_baseline","migration_time","public.scanner_threshold_sets","reviewed","Target table is absent before replay. Inserts one draft, internal-only threshold set; it does not activate production scanner thresholds.","Apply normally in order after backup, dry run, data review, and explicit approval.","Codex rehearsal; human production approval required","2026-07-29"
"20260721123000","tcg_set_cover_images","untracked","partially_present","public.tcg_set_cover_images","Production object inventory overlaps; exact production baseline was cloned before ordered replay.","Production overlaps one or more legacy targets, but has no migration ledger entry. Similar names were not treated as proof of application.","passed_on_production_schema_baseline","none","none","not_applicable","No INSERT, UPDATE, or DELETE statement detected.","Replay idempotently in order; do not mark applied or repair history merely because objects overlap.","Codex rehearsal; human production approval required","2026-07-29"
"20260726103000","scanner_recognition_rebuild","untracked","not_present","public.scanner_benchmark_cases; public.scanner_benchmark_results; public.scanner_confusion_pairs; public.scanner_feedback_review_queue; public.scanner_training_augmentations; public.scanner_training_samples","Target schema or intended change absent from the read-only production inventory; ordered clone replay passed.","No tracked migration was found, and the target schema or intended change is absent from production. The migration passed in the ordered rehearsal. Contains DML; the schema-only rehearsal does not prove live-row effects.","passed_on_production_schema_baseline","function_body_only","public.scanner_feedback_review_queue; public.scanner_confusion_pairs","reviewed_function_definition","No migration-time row change. DML runs only for future scan_learning_events trigger events.","Apply normally in order after backup, dry run, data review, and explicit approval.","Codex rehearsal; human production approval required","2026-07-29"
"20260726162000","binder_set_branding_assets","untracked","partially_present","public.binders","Production object inventory overlaps; exact production baseline was cloned before ordered replay.","Production overlaps one or more legacy targets, but has no migration ledger entry. Similar names were not treated as proof of application.","passed_on_production_schema_baseline","none","none","not_applicable","No INSERT, UPDATE, or DELETE statement detected.","Replay idempotently in order; do not mark applied or repair history merely because objects overlap.","Codex rehearsal; human production approval required","2026-07-29"
"20260726210000","pricing_engine_v2","untracked","partially_present","public.market_price_snapshots; public.price_observations; public.pricing_review_queue; public.pricing_sources","Production object inventory overlaps; exact production baseline was cloned before ordered replay.","Production overlaps one or more legacy targets, but has no migration ledger entry. Similar names were not treated as proof of application. Contains DML; the schema-only rehearsal does not prove live-row effects.","passed_on_production_schema_baseline","migration_time","public.pricing_sources","reviewed","All four source IDs exist and match every field changed by the seed. The upsert is value-preserving for the observed production rows.","Replay idempotently in order; do not mark applied or repair history merely because objects overlap.","Codex rehearsal; human production approval required","2026-07-29"
"20260726223000","scan_lab_capture_queue","untracked","not_present","public.scan_lab_capture_events; public.scan_lab_captures","Target schema or intended change absent from the read-only production inventory; ordered clone replay passed.","No tracked migration was found, and the target schema or intended change is absent from production. The migration passed in the ordered rehearsal. Contains DML; the schema-only rehearsal does not prove live-row effects.","passed_on_production_schema_baseline","migration_time","storage.buckets","reviewed","Inserts the missing private scan-lab-training bucket. No storage objects are copied or made public.","Apply normally in order after backup, dry run, data review, and explicit approval.","Codex rehearsal; human production approval required","2026-07-29"
"20260726234500","recognition_feedback_loop","untracked","not_present","public.recognition_feedback_events; public.recognition_feedback_items","Target schema or intended change absent from the read-only production inventory; ordered clone replay passed.","No tracked migration was found, and the target schema or intended change is absent from production. The migration passed in the ordered rehearsal. Contains DML; the schema-only rehearsal does not prove live-row effects.","passed_on_production_schema_baseline","migration_time","storage.buckets","reviewed","Inserts the missing private recognition-feedback bucket. No storage objects are copied or made public.","Apply normally in order after backup, dry run, data review, and explicit approval.","Codex rehearsal; human production approval required","2026-07-29"
"20260727090000","shadow_mode_pilot","untracked","not_present","public.recognition_shadow_mode_pilot_items","Target schema or intended change absent from the read-only production inventory; ordered clone replay passed.","No tracked migration was found, and the target schema or intended change is absent from production. The migration passed in the ordered rehearsal.","passed_on_production_schema_baseline","none","none","not_applicable","No INSERT, UPDATE, or DELETE statement detected.","Apply normally in order after backup, dry run, data review, and explicit approval.","Codex rehearsal; human production approval required","2026-07-29"
"20260727212256","canonical_stackr_catalogue_database","untracked","not_present","api.catalogue_card_names; api.catalogue_cards; api.catalogue_delta_changes; api.catalogue_sets; audit.catalogue_events; catalog.assets; catalog.card_concepts; catalog.card_names; catalog.card_printings; catalog.card_variants; catalog.catalogue_change_log; catalog.catalogue_versions; catalog.finishes; catalog.games; catalog.languages; catalog.rarities; catalog.sealed_product_variants; catalog.sealed_products; catalog.series; catalog.sets; catalog.variant_taxonomy; ingest.data_conflicts; ingest.external_identifiers; ingest.import_runs; ingest.raw_source_records; ingest.sources; market.market_identities; market.price_observations; market.price_summaries; ml.benchmark_cases; ml.recognition_feedback_items","Target schema or intended change absent from the read-only production inventory; ordered clone replay passed.","The first failure was transport truncation, not PostgreSQL. Parser-safe statement chunks applied successfully without changing the migration SQL. Contains DML; the schema-only rehearsal does not prove live-row effects.","passed_on_production_schema_baseline","migration_time","catalog.games; catalog.languages; ingest.sources; catalog.finishes; catalog.variant_taxonomy; catalog.rarities","reviewed","Canonical schemas are absent. Seeds one game, five languages, five sources, ten finishes, twelve variants, and eight rarities into newly created tables.","Apply normally in order after backup, dry run, data review, and explicit approval.","Codex rehearsal; human production approval required","2026-07-29"
"20260727213835","stackr_data_ingestion_reconciliation","untracked","not_present","audit.ingest_merge_decisions; ingest.catalogue_quality_report; ingest.dead_letter_queue; ingest.import_checkpoints; ingest.provider_schedule_policies; ingest.raw_source_records; ingest.source_health_current; ingest.source_health_reports; ingest.work_queue","Target schema or intended change absent from the read-only production inventory; ordered clone replay passed.","No tracked migration was found, and the target schema or intended change is absent from production. The migration passed in the ordered rehearsal. Contains DML; the schema-only rehearsal does not prove live-row effects.","passed_on_production_schema_baseline","migration_time","ingest.raw_source_records","reviewed","The ingest schema is absent before replay, so the raw-record compatibility UPDATE affects zero pre-existing rows.","Apply normally in order after backup, dry run, data review, and explicit approval.","Codex rehearsal; human production approval required","2026-07-29"
"20260728060617","stackr_asset_repository_delivery_pipeline","untracked","not_present","api.asset_manifest; catalog.assets; ml.model_assets; ml.scan_upload_assets","Target schema or intended change absent from the read-only production inventory; ordered clone replay passed.","No tracked migration was found, and the target schema or intended change is absent from production. The migration passed in the ordered rehearsal. Contains DML; the schema-only rehearsal does not prove live-row effects.","passed_on_production_schema_baseline","migration_time","catalog.assets; storage.buckets","reviewed","The catalog schema is absent, so the asset backfill affects zero pre-existing rows. Inserts four missing buckets: one public catalogue bucket and three private buckets.","Apply normally in order after backup, dry run, data review, and explicit approval.","Codex rehearsal; human production approval required","2026-07-29"
"20260728064400","embedding_model_registry_and_index_gates","untracked","not_present","api.embedding_index_manifest; ml.embedding_activation_events; ml.embedding_benchmark_results; ml.embedding_benchmark_runs; ml.embedding_generation_jobs; ml.embedding_index_versions; ml.embedding_models","Target schema or intended change absent from the read-only production inventory; ordered clone replay passed.","The final chunk exceeded the client wait window but committed. Migration history and expected objects were checked before continuing; it was not replayed twice. Contains DML; the schema-only rehearsal does not prove live-row effects.","passed_on_production_schema_baseline","migration_time_and_runtime_definition","ml.embedding_models; ml.embedding_index_versions; ml.embedding_activation_events","reviewed","The ml schema is absent. Seeds five non-active model registry rows. Activation UPDATE/INSERT statements are function-body only and cannot run during migration replay.","Apply normally in order after backup, dry run, data review, and explicit approval.","Codex rehearsal; human production approval required","2026-07-29"
"20260728152412","recognition_service_scan_diagnostics","untracked","not_present","ml.recognition_scan_diagnostics","Target schema or intended change absent from the read-only production inventory; ordered clone replay passed.","No tracked migration was found, and the target schema or intended change is absent from production. The migration passed in the ordered rehearsal.","passed_on_production_schema_baseline","none","none","not_applicable","No INSERT, UPDATE, or DELETE statement detected.","Apply normally in order after backup, dry run, data review, and explicit approval.","Codex rehearsal; human production approval required","2026-07-29"
"20260728171416","stackr_market_pricing_service","untracked","not_present","api.market_movers; api.market_opportunities; api.market_price_estimates; api.market_price_history; market.active_listings; market.conditions; market.currencies; market.duplicate_groups; market.exchange_rate_snapshots; market.graders; market.grades; market.outlier_decisions; market.price_estimate_versions; market.price_estimates; market.price_observations; market.refresh_jobs; market.sold_observations; market.source_providers","Target schema or intended change absent from the read-only production inventory; ordered clone replay passed.","No tracked migration was found, and the target schema or intended change is absent from production. The migration passed in the ordered rehearsal. Contains DML; the schema-only rehearsal does not prove live-row effects.","passed_on_production_schema_baseline","migration_time","market.currencies; market.conditions; market.graders; market.grades; market.source_providers; market.price_estimate_versions","reviewed","The private market schema is absent. Seeds six currencies, eleven conditions, five graders, twelve grades, four providers, and one inactive estimate version.","Apply normally in order after backup, dry run, data review, and explicit approval.","Codex rehearsal; human production approval required","2026-07-29"
"20260728213516","pokemon_tcg_catalogue_import_support","untracked","not_present","functions, indexes, policies, grants, or seed rows named by the migration","Target schema or intended change absent from the read-only production inventory; ordered clone replay passed.","No tracked migration was found, and the target schema or intended change is absent from production. The migration passed in the ordered rehearsal. Contains DML; the schema-only rehearsal does not prove live-row effects.","passed_on_production_schema_baseline","migration_time","catalog.rarities","reviewed","Adds two Pokemon rarity taxonomy rows to the newly created canonical rarity table; no legacy public catalogue rows are changed.","Apply normally in order after backup, dry run, data review, and explicit approval.","Codex rehearsal; human production approval required","2026-07-29"
"20260729055009","catalogue_production_release_controls","untracked","not_present","audit.catalogue_release_events; public.card_image_checks; public.card_images; public.card_price_checks; public.card_prices; public.catalogue_sync_runs","Target schema or intended change absent from the read-only production inventory; ordered clone replay passed.","No tracked migration was found, and the target schema or intended change is absent from production. The migration passed in the ordered rehearsal. Contains DML; the schema-only rehearsal does not prove live-row effects.","passed_on_production_schema_baseline","function_body_only","catalog.catalogue_change_log; catalog.catalogue_versions; audit.catalogue_release_events","reviewed_function_definition","No migration-time row change. Activation and forward-only rollback DML is defined in service-role-only functions and is not invoked by the migration.","Apply normally in order after backup, dry run, data review, and explicit approval.","Codex rehearsal; human production approval required","2026-07-29"
"20260729064011","legacy_production_migration_preflight","untracked","not_present","public.inventory_movements; public.price_alerts","Target schema or intended change absent from the read-only production inventory; ordered clone replay passed.","Final idempotent guard for untracked legacy environments. It rejects incompatible binder types and marks only objects it creates for conservative rollback.","passed_on_production_schema_baseline","none","none","not_applicable","No INSERT, UPDATE, or DELETE statement detected.","Apply normally in order after backup, dry run, data review, and explicit approval.","Codex rehearsal; human production approval required","2026-07-29"
