migration,chain_presence,decision,reconciled_location,rationale
20260728110000_curated_corocoro_mew_promos.sql,current_only,retain,unchanged_current_migration,"Metadata-only curated catalogue coverage; no image URLs are introduced."
20260728173530_stackr_api_gateway_controls.sql,current_only,retain,unchanged_current_migration,"Required by the existing v1 gateway implementation and its audit controls."
20260728182743_stackr_quality_performance_observability.sql,current_only,retain,unchanged_current_migration,"Required by the current quality and observability implementation."
20260728202949_stackr_application_migration_provider_retirement.sql,current_only,retain,unchanged_current_migration,"Additive evidence tables for application identity migration and provider retirement."
20260728203300_stackr_release_activation_controls.sql,current_only,retain_and_harden,20260728203300_stackr_release_activation_controls.sql,"Preserves UUID signatures used by deployment tooling while adding readiness checks; idempotency; one-active-version enforcement; and forward-only rollback."
20260728213516_pokemon_tcg_catalogue_import_support.sql,prompt6_only,fold,20260727213835_stackr_data_ingestion_reconciliation.sql,"Per-import-run raw-record identity; history lookup; and required rarities belong in the existing ingestion foundation."
20260729055009_catalogue_production_release_controls.sql,prompt6_only,replace,20260728203300_stackr_release_activation_controls.sql + 20260729055239_critical_security_containment.sql,"Its release safeguards are implemented with the current UUID contract; its four legacy-view protections are folded into critical containment."
20260729055239_critical_security_containment.sql,current_only,retain_and_expand,20260729055239_critical_security_containment.sql,"Retains profile; market; and private scan containment and now includes legacy-view hardening plus compatibility preflight checks."
20260729064011_legacy_production_migration_preflight.sql,prompt6_only,fold,20260729055239_critical_security_containment.sql,"The final migration now validates UUID binder compatibility and repairs missing price-alert columns for ledgers that marked older migrations applied."
