"cardId","variantId","canonicalId","language","setId","setCode","collectorNumber","variant","imageVariantId","assetId","reason"
"6df76a61-f6b0-4e96-a838-3fb593f53db7","01b16cb3-d4de-4e8e-993b-cce2a41a225e","pokemon:en:97e3aeb6-2645-4c3a-9fd4-10d95a181b6e:3:holo","en","97e3aeb6-2645-4c3a-9fd4-10d95a181b6e","base1","3","holo","8eb0a016-f62d-415d-ba60-781804e4b44d","0870f38d-b8ac-463d-873a-82a7843a79b8","Existing alias crosses an edition/special distinction; withheld pending face/marking review, not queued as a new-image need."
"7377315f-51f6-4e90-ac1b-4312509cfe0a","7d564f8e-c389-410d-aa51-5b809054ad3c","pokemon:en:97e3aeb6-2645-4c3a-9fd4-10d95a181b6e:4:holo","en","97e3aeb6-2645-4c3a-9fd4-10d95a181b6e","base1","4","holo","0d0344ab-10fe-4c5d-9b18-8fe3ad4948d3","a9a8a0f9-9af9-4dad-b28f-c6c313486079","Existing alias crosses an edition/special distinction; withheld pending face/marking review, not queued as a new-image need."
"3fb01ac9-63fe-41a3-a713-a35169c96cb4","1fa90549-31b3-4b29-9030-4cc35f588e96","pokemon:en:97e3aeb6-2645-4c3a-9fd4-10d95a181b6e:5:holo","en","97e3aeb6-2645-4c3a-9fd4-10d95a181b6e","base1","5","holo","084238f0-c30d-4efd-bc43-7d7842716848","4c7b4ef2-da97-4a3a-a15f-4880aaf4e1ac","Existing alias crosses an edition/special distinction; withheld pending face/marking review, not queued as a new-image need."
"1e7122db-b71e-4524-9963-80677b7a01f8","f525dabd-5ce5-4011-9f3f-3e9ebc9a45ac","pokemon:en:97e3aeb6-2645-4c3a-9fd4-10d95a181b6e:7:holo","en","97e3aeb6-2645-4c3a-9fd4-10d95a181b6e","base1","7","holo","0fec1d05-e4cc-481c-9047-5453a50fa371","602956e3-fcfe-499c-a830-76bafc1af1e8","Existing alias crosses an edition/special distinction; withheld pending face/marking review, not queued as a new-image need."
"52199c84-1cf4-4f3e-9b82-aac72f1676b8","19bb5a3d-e74e-4fe8-ac3b-394e75aea387","pokemon:en:97e3aeb6-2645-4c3a-9fd4-10d95a181b6e:8:holo","en","97e3aeb6-2645-4c3a-9fd4-10d95a181b6e","base1","8","holo","2c846481-5b6f-4799-9d64-03831e7a0bfc","6aebd30a-2893-45cf-9b8e-3fcc3371be75","Existing alias crosses an edition/special distinction; withheld pending face/marking review, not queued as a new-image need."
"5fd805a5-5841-4094-a5cc-9637a1b341bd","613fd41c-ef42-4bf0-806d-1778119ecd2b","pokemon:en:97e3aeb6-2645-4c3a-9fd4-10d95a181b6e:10:first_edition","en","97e3aeb6-2645-4c3a-9fd4-10d95a181b6e","base1","10","first_edition","86480ddd-a187-4fb2-90cd-aef268442317","1bfa8b95-ee5f-4dae-976d-6c8593acaaa2","Existing alias crosses an edition/special distinction; withheld pending face/marking review, not queued as a new-image need."
"3b250edd-3bdb-4c80-a3ce-af2ce8a6edc2","493bc390-8e30-4dc2-95f6-5533f28693e4","pokemon:en:97e3aeb6-2645-4c3a-9fd4-10d95a181b6e:12:holo","en","97e3aeb6-2645-4c3a-9fd4-10d95a181b6e","base1","12","holo","34a0b7d3-8211-48db-a87f-687cbb442620","315f84d8-e49f-48fc-9321-891256e0365c","Existing alias crosses an edition/special distinction; withheld pending face/marking review, not queued as a new-image need."
"b9745483-b299-4b15-b841-effc1dac18ba","7b4751ec-58dd-4e5e-90cc-f6b75d8af5f0","pokemon:en:97e3aeb6-2645-4c3a-9fd4-10d95a181b6e:14:holo","en","97e3aeb6-2645-4c3a-9fd4-10d95a181b6e","base1","14","holo","5631920d-2521-4816-978a-8cf5f95b2458","6971f016-930c-4cb0-b377-07668a31af3e","Existing alias crosses an edition/special distinction; withheld pending face/marking review, not queued as a new-image need."
"9996edde-d142-4270-a561-30dfc692c542","bb1918dd-c09f-42db-a973-ad875bf3b113","pokemon:en:97e3aeb6-2645-4c3a-9fd4-10d95a181b6e:15:holo","en","97e3aeb6-2645-4c3a-9fd4-10d95a181b6e","base1","15","holo","405b9499-5695-4162-a77e-03921fe44bae","636920d7-4902-4148-b8d6-938aee27cb7e","Existing alias crosses an edition/special distinction; withheld pending face/marking review, not queued as a new-image need."
"c00d78af-7fd4-4d26-8656-2e49c8cfc100","285e42e4-df0a-46df-b3da-0aaa36869a81","pokemon:en:97e3aeb6-2645-4c3a-9fd4-10d95a181b6e:16:first_edition","en","97e3aeb6-2645-4c3a-9fd4-10d95a181b6e","base1","16","first_edition","e1c92c6f-a5cc-46eb-9594-dfb045d59afa","d7fea432-aabd-4846-b056-a8090c3adb23","Existing alias crosses an edition/special distinction; withheld pending face/marking review, not queued as a new-image need."
"5844681b-589d-46eb-9e7b-89975f0575c2","5c1a1cdc-0778-4788-90aa-4ce6c4f546e3","pokemon:en:97e3aeb6-2645-4c3a-9fd4-10d95a181b6e:18:first_edition","en","97e3aeb6-2645-4c3a-9fd4-10d95a181b6e","base1","18","first_edition","e0036db7-ed58-4d03-a3fb-fdd9360f67b9","98f87664-8435-4900-bc2f-9e1031043cf9","Existing alias crosses an edition/special distinction; withheld pending face/marking review, not queued as a new-image need."
"f4bba2cb-ab08-41f9-b276-d0983ed66136","4a89dd2e-98a9-4b7c-9e86-ae59fac7083c","pokemon:en:97e3aeb6-2645-4c3a-9fd4-10d95a181b6e:19:first_edition","en","97e3aeb6-2645-4c3a-9fd4-10d95a181b6e","base1","19","first_edition","0ca8f138-5c86-4921-9024-12c91faf8835","054ccc02-0204-46cc-b705-3370aefd91ec","Existing alias crosses an edition/special distinction; withheld pending face/marking review, not queued as a new-image need."
"0db806f9-2f13-4d17-a9a7-6d0fdee6b634","65562c18-4cb6-42ce-a3b5-fff2b423e214","pokemon:en:97e3aeb6-2645-4c3a-9fd4-10d95a181b6e:20:first_edition","en","97e3aeb6-2645-4c3a-9fd4-10d95a181b6e","base1","20","first_edition","79f9c1a4-9ec6-4ea2-bfdf-e57a557ceee0","03fc3991-00fe-416e-8bec-63621c92b1f8","Existing alias crosses an edition/special distinction; withheld pending face/marking review, not queued as a new-image need."
"305a6fd2-72cc-43ee-b4e0-a495dc413131","af1addc5-1a1e-410e-af73-63c43bd713de","pokemon:en:97e3aeb6-2645-4c3a-9fd4-10d95a181b6e:21:normal","en","97e3aeb6-2645-4c3a-9fd4-10d95a181b6e","base1","21","normal","46d3ca4f-7f2d-4c9d-9a9d-e688f2090389","27f6c7db-2c7b-40e2-af93-52c714978b49","Existing alias crosses an edition/special distinction; withheld pending face/marking review, not queued as a new-image need."
"b08ba2eb-50ab-4b07-a24b-ed1fb5c93077","a5d03549-bc3b-4068-8930-f7180cf3310f","pokemon:en:97e3aeb6-2645-4c3a-9fd4-10d95a181b6e:22:normal","en","97e3aeb6-2645-4c3a-9fd4-10d95a181b6e","base1","22","normal","64615b2d-ceb4-40df-a972-ae98632eea85","86d7ff2d-504e-4b2b-a1e6-7e3cd5e2db11","Existing alias crosses an edition/special distinction; withheld pending face/marking review, not queued as a new-image need."
"8f54c8e6-b938-4da0-a81b-46cf66e58c09","53f6fe7c-e837-4922-8d4f-e696bae79b7a","pokemon:en:97e3aeb6-2645-4c3a-9fd4-10d95a181b6e:23:normal","en","97e3aeb6-2645-4c3a-9fd4-10d95a181b6e","base1","23","normal","c879feb0-07a4-4a18-9ac0-e4ad6d60e0b6","0d385c4b-72cf-48f9-bee7-79a059fcdaae","Existing alias crosses an edition/special distinction; withheld pending face/marking review, not queued as a new-image need."
"8784c26c-f3ee-4367-9798-26628daf61c4","7fae5e3c-880a-4166-af11-91b0c85553a3","pokemon:en:97e3aeb6-2645-4c3a-9fd4-10d95a181b6e:24:first_edition","en","97e3aeb6-2645-4c3a-9fd4-10d95a181b6e","base1","24","first_edition","0fe8860d-205b-4244-bd73-b2dbda81cfd1","96ad5845-05e8-4e69-8905-6b9fde9d6278","Existing alias crosses an edition/special distinction; withheld pending face/marking review, not queued as a new-image need."
"d971817a-22e5-4af9-a66b-750bb233e6d2","2e451023-1d30-4885-b5e2-ac1f7768554e","pokemon:en:97e3aeb6-2645-4c3a-9fd4-10d95a181b6e:25:first_edition","en","97e3aeb6-2645-4c3a-9fd4-10d95a181b6e","base1","25","first_edition","b422a6f0-f347-4ad1-8448-1ea0c52eb32f","156d5c59-a27f-429f-ac63-6ff7940a98cc","Existing alias crosses an edition/special distinction; withheld pending face/marking review, not queued as a new-image need."
"b1122cb7-5f2a-4399-963f-89a3bfc38fbf","40d9035e-95af-4a4a-8d86-f0162e6f196b","pokemon:en:97e3aeb6-2645-4c3a-9fd4-10d95a181b6e:26:first_edition","en","97e3aeb6-2645-4c3a-9fd4-10d95a181b6e","base1","26","first_edition","c5200da5-fb29-4b4f-aeb1-b795db3bc08e","714d482d-c2a9-4ba4-8fbd-bed06020e295","Existing alias crosses an edition/special distinction; withheld pending face/marking review, not queued as a new-image need."
"db826a40-40ec-4d2a-8d79-71a6b18b093f","6aa96c82-1716-4494-9728-841274c0ff14","pokemon:en:97e3aeb6-2645-4c3a-9fd4-10d95a181b6e:27:first_edition","en","97e3aeb6-2645-4c3a-9fd4-10d95a181b6e","base1","27","first_edition","fd364af1-3460-48ef-a188-9efa565ccb9a","429a719f-d9dd-4843-9065-6b2b95269cd3","Existing alias crosses an edition/special distinction; withheld pending face/marking review, not queued as a new-image need."
"43d1a830-5e57-412a-ace0-e95c27eccb20","c41df6d6-be66-4740-abdd-60be6f1b959b","pokemon:en:97e3aeb6-2645-4c3a-9fd4-10d95a181b6e:29:normal","en","97e3aeb6-2645-4c3a-9fd4-10d95a181b6e","base1","29","normal","60f8aa2a-479e-48a8-bf83-c95970e92f06","20da12a9-25c0-45d6-a1f1-e73913420fa4","Existing alias crosses an edition/special distinction; withheld pending face/marking review, not queued as a new-image need."
"3efe02f4-5479-424c-9ed1-4bf36a40f0a3","ff4974d6-d340-49db-8577-dbfc382e4b09","pokemon:en:97e3aeb6-2645-4c3a-9fd4-10d95a181b6e:30:first_edition","en","97e3aeb6-2645-4c3a-9fd4-10d95a181b6e","base1","30","first_edition","39327ef3-dcc9-4f90-85e3-993c6ef70f39","5c3a53df-3466-4ab9-a793-20fa2d5c2cd5","Existing alias crosses an edition/special distinction; withheld pending face/marking review, not queued as a new-image need."
"e0950ddd-343c-42a7-8916-62d447a42d8e","0b395a73-7fe2-45b8-841a-005a332dfa2b","pokemon:en:97e3aeb6-2645-4c3a-9fd4-10d95a181b6e:31:first_edition","en","97e3aeb6-2645-4c3a-9fd4-10d95a181b6e","base1","31","first_edition","e6afa9be-2b86-4c51-be2a-bc96950a5ad6","2e5a3b4d-2d46-4c25-b5a7-a8fa052e4e4f","Existing alias crosses an edition/special distinction; withheld pending face/marking review, not queued as a new-image need."
"e76fe2f7-ada0-41d4-8b07-dfca0f295b46","7d383d3b-2790-4874-a92b-2a781548cbeb","pokemon:en:97e3aeb6-2645-4c3a-9fd4-10d95a181b6e:33:first_edition","en","97e3aeb6-2645-4c3a-9fd4-10d95a181b6e","base1","33","first_edition","0a7243a9-724b-4d04-a106-2aa8fc76502b","39a8e99a-99dc-4f2b-8ab8-55847e820277","Existing alias crosses an edition/special distinction; withheld pending face/marking review, not queued as a new-image need."
"ab5b4504-1ca0-4684-8499-bc6d830c35e1","440024e6-003b-4b47-a84a-265805e03fdc","pokemon:en:97e3aeb6-2645-4c3a-9fd4-10d95a181b6e:34:first_edition","en","97e3aeb6-2645-4c3a-9fd4-10d95a181b6e","base1","34","first_edition","310a76db-0123-43fa-8100-22a5ead83682","34cea80b-ed3c-47b8-aa0d-3490352040c5","Existing alias crosses an edition/special distinction; withheld pending face/marking review, not queued as a new-image need."
"6c9dd87e-5808-46a3-bcd9-f7524e191b68","5a3c007f-0e73-46d3-9185-2f7c9bf02820","pokemon:en:97e3aeb6-2645-4c3a-9fd4-10d95a181b6e:35:normal","en","97e3aeb6-2645-4c3a-9fd4-10d95a181b6e","base1","35","normal","86edddcb-7a8e-4b53-9b5c-469232df04af","10d06f44-0113-4a50-80af-8eaf0e88708a","Existing alias crosses an edition/special distinction; withheld pending face/marking review, not queued as a new-image need."
"82886677-74c6-4e17-8ad5-7c759aa1d12b","100f8934-4b4a-42bd-9bd7-2d291e4045c6","pokemon:en:97e3aeb6-2645-4c3a-9fd4-10d95a181b6e:36:first_edition","en","97e3aeb6-2645-4c3a-9fd4-10d95a181b6e","base1","36","first_edition","061182a3-79fe-4e70-838a-e2d900a70cf9","345f9d81-05d1-41e0-88ac-62820dc3f9a8","Existing alias crosses an edition/special distinction; withheld pending face/marking review, not queued as a new-image need."
"c0a69596-1fdb-403a-abbd-32d184354729","36d059fd-c8b3-43f0-b480-00802b53b703","pokemon:en:97e3aeb6-2645-4c3a-9fd4-10d95a181b6e:37:first_edition","en","97e3aeb6-2645-4c3a-9fd4-10d95a181b6e","base1","37","first_edition","0d8687d0-a0ce-4166-aba5-ee9db211867a","30a4e3d6-7a31-4d9e-a5f5-2d4f7a67f217","Existing alias crosses an edition/special distinction; withheld pending face/marking review, not queued as a new-image need."
"ff81d1f6-fbf8-44df-9db7-23c03e13521b","1a048c6f-e549-4591-a2ad-27f191792df8","pokemon:en:97e3aeb6-2645-4c3a-9fd4-10d95a181b6e:38:first_edition","en","97e3aeb6-2645-4c3a-9fd4-10d95a181b6e","base1","38","first_edition","ef837e0f-11bf-4379-bb3a-9b097ca5f656","4f71502b-7b26-43f8-8af5-7be03291cc0a","Existing alias crosses an edition/special distinction; withheld pending face/marking review, not queued as a new-image need."
"4d169495-2d7c-4569-9d1c-5041439d2fe1","27db876e-5468-4c33-9991-dc68774a5604","pokemon:en:97e3aeb6-2645-4c3a-9fd4-10d95a181b6e:39:first_edition","en","97e3aeb6-2645-4c3a-9fd4-10d95a181b6e","base1","39","first_edition","d7504b5f-f1bd-4da7-a006-695b44fa38de","0cf6eddf-8be3-40e1-aa8d-573865194b1e","Existing alias crosses an edition/special distinction; withheld pending face/marking review, not queued as a new-image need."
"4e86eb58-3631-4f86-ae9e-ed456dc3e927","21705cfc-d93c-448f-88f6-23ba33de4129","pokemon:en:97e3aeb6-2645-4c3a-9fd4-10d95a181b6e:40:normal","en","97e3aeb6-2645-4c3a-9fd4-10d95a181b6e","base1","40","normal","0ceae621-5ceb-49ce-bd1f-0ac895d98fd8","131bf42f-984c-44a7-8e34-6c292f0dcb0b","Existing alias crosses an edition/special distinction; withheld pending face/marking review, not queued as a new-image need."
"67707378-ba99-40c9-b868-9032bbca292b","35adcc33-8cd8-40a3-90ab-da032fde01ae","pokemon:en:97e3aeb6-2645-4c3a-9fd4-10d95a181b6e:41:first_edition","en","97e3aeb6-2645-4c3a-9fd4-10d95a181b6e","base1","41","first_edition","62c6b803-d8e6-43d2-b866-cd125834b83c","26803d0b-ee0e-442a-87d8-c10625d5f454","Existing alias crosses an edition/special distinction; withheld pending face/marking review, not queued as a new-image need."
"db527939-efea-436d-85ac-a7b704e92ff7","de5d7738-ffd1-4db6-8dd0-3d289129284f","pokemon:en:97e3aeb6-2645-4c3a-9fd4-10d95a181b6e:42:normal","en","97e3aeb6-2645-4c3a-9fd4-10d95a181b6e","base1","42","normal","3cc1f9dd-ca81-4925-ad64-f8a0c76f1134","190c5a0e-be14-4f14-b015-1f064eb611d3","Existing alias crosses an edition/special distinction; withheld pending face/marking review, not queued as a new-image need."
"97fc8f05-6d16-4c42-b707-a316852cf7c1","3109478c-b52d-4867-960d-5ed102a44ab0","pokemon:en:97e3aeb6-2645-4c3a-9fd4-10d95a181b6e:43:first_edition","en","97e3aeb6-2645-4c3a-9fd4-10d95a181b6e","base1","43","first_edition","f1bee046-1727-44de-95ea-02457ec1b475","9530444a-eeae-4556-86a9-66436151b484","Existing alias crosses an edition/special distinction; withheld pending face/marking review, not queued as a new-image need."
"eac8cac7-ab78-4f8e-8a76-c314dd55ad25","91f28ecb-a364-45f0-b611-5f90da4b5a01","pokemon:en:97e3aeb6-2645-4c3a-9fd4-10d95a181b6e:44:first_edition","en","97e3aeb6-2645-4c3a-9fd4-10d95a181b6e","base1","44","first_edition","1b801c81-4054-4c37-b034-1b11df8acf8e","57a125b7-d5e6-4603-8415-fb4a16f61321","Existing alias crosses an edition/special distinction; withheld pending face/marking review, not queued as a new-image need."
"955ae3da-0fb3-47c0-816a-0e8be01c1ce9","5b3e147a-e474-4b88-8643-662aad5cab3e","pokemon:en:97e3aeb6-2645-4c3a-9fd4-10d95a181b6e:46:normal","en","97e3aeb6-2645-4c3a-9fd4-10d95a181b6e","base1","46","normal","31e9ec9f-bcbb-45eb-93d5-f25eb0748e1f","abb04366-dadf-413c-8167-83a01e55f519","Existing alias crosses an edition/special distinction; withheld pending face/marking review, not queued as a new-image need."
"3aa4727a-0403-4955-b41d-2ce43f44fd07","99b09c6a-61ce-466c-b47c-fc208262acf9","pokemon:en:97e3aeb6-2645-4c3a-9fd4-10d95a181b6e:48:normal","en","97e3aeb6-2645-4c3a-9fd4-10d95a181b6e","base1","48","normal","0438748b-134c-4cdb-91ff-d2662fd7a45d","0266745c-a7cf-4abe-a59c-c5e4b8a68c66","Existing alias crosses an edition/special distinction; withheld pending face/marking review, not queued as a new-image need."
"892815a7-d99e-4bc1-b762-add627008f61","5e573494-f304-4917-9040-f5468a64b64b","pokemon:en:97e3aeb6-2645-4c3a-9fd4-10d95a181b6e:52:first_edition","en","97e3aeb6-2645-4c3a-9fd4-10d95a181b6e","base1","52","first_edition","a4b59f49-87bc-479e-9194-a06c2c475662","dc788d66-0f82-4ed4-9060-b581c9968150","Existing alias crosses an edition/special distinction; withheld pending face/marking review, not queued as a new-image need."
"35139e85-435b-4c5c-a2a4-58ce1ad0b6d2","b77d1eab-d3b7-48c3-ad94-4dbce7e43e13","pokemon:en:97e3aeb6-2645-4c3a-9fd4-10d95a181b6e:53:normal","en","97e3aeb6-2645-4c3a-9fd4-10d95a181b6e","base1","53","normal","30098abc-0a38-4d89-b2fb-2a163592bcb1","a20e6a48-ec3a-4621-8119-c780adad1cc6","Existing alias crosses an edition/special distinction; withheld pending face/marking review, not queued as a new-image need."
"e2798f4e-e641-4798-89a9-d40988b4db0e","ffeb8e06-eac1-4754-a009-1657cb658d91","pokemon:en:97e3aeb6-2645-4c3a-9fd4-10d95a181b6e:54:normal","en","97e3aeb6-2645-4c3a-9fd4-10d95a181b6e","base1","54","normal","580ee35b-e123-43a7-b812-1494c96f6530","a97d6b05-7db5-4492-8f94-f2e60b12b256","Existing alias crosses an edition/special distinction; withheld pending face/marking review, not queued as a new-image need."
"cf561286-8cef-43c3-9d5b-519de3b1ab00","04d00d59-d42b-42d7-9800-d62b0f32dbfc","pokemon:en:97e3aeb6-2645-4c3a-9fd4-10d95a181b6e:55:normal","en","97e3aeb6-2645-4c3a-9fd4-10d95a181b6e","base1","55","normal","ba8fda38-0c92-4859-b53d-55e4127d73fd","0c0fe0b4-5d71-48dd-ac67-2d5cfb320609","Existing alias crosses an edition/special distinction; withheld pending face/marking review, not queued as a new-image need."
"448bf9db-1f34-4347-8ba3-ef38a6713123","942add5a-d1fd-4763-9d2f-edf16b72369d","pokemon:en:97e3aeb6-2645-4c3a-9fd4-10d95a181b6e:56:normal","en","97e3aeb6-2645-4c3a-9fd4-10d95a181b6e","base1","56","normal","535e501c-a134-496f-95f4-5d3a3cd1a6c3","b1f19d83-a8b6-46f3-8d89-aa774a4f62f0","Existing alias crosses an edition/special distinction; withheld pending face/marking review, not queued as a new-image need."
"608ef6c7-7c42-4ef0-93a2-13d4c9581653","03978aa0-60b0-4a43-8928-29ea3c9dbafb","pokemon:en:97e3aeb6-2645-4c3a-9fd4-10d95a181b6e:57:normal","en","97e3aeb6-2645-4c3a-9fd4-10d95a181b6e","base1","57","normal","c87773f5-ae22-4180-b6cf-1abd6ff9cb7f","cfc26cbc-63b8-4800-a8cf-753fe20de552","Existing alias crosses an edition/special distinction; withheld pending face/marking review, not queued as a new-image need."
"b1a1cb63-3f27-479a-a67f-67ba1011c3a8","5788e2fd-619f-41a6-81af-d63fab3ca4d9","pokemon:en:97e3aeb6-2645-4c3a-9fd4-10d95a181b6e:59:normal","en","97e3aeb6-2645-4c3a-9fd4-10d95a181b6e","base1","59","normal","60c7d8db-9f75-4280-8449-3f7d50420fb6","15f16850-65fe-4093-98e5-25a9775e138c","Existing alias crosses an edition/special distinction; withheld pending face/marking review, not queued as a new-image need."
"226cb963-1eb1-4d79-89c6-6fc67603da48","236b7a74-76c9-4cb5-9b8f-9f84f95ce7f1","pokemon:en:97e3aeb6-2645-4c3a-9fd4-10d95a181b6e:61:normal","en","97e3aeb6-2645-4c3a-9fd4-10d95a181b6e","base1","61","normal","2813a2fc-29f6-4145-aced-234c9a2adc0e","7920358b-f70c-4381-b8f7-0cc6ab94a7eb","Existing alias crosses an edition/special distinction; withheld pending face/marking review, not queued as a new-image need."
"763b68e3-d798-4fcc-97cc-3cef54b540b9","6a493a50-00a8-4f42-bcc0-49db4d7c7931","pokemon:en:97e3aeb6-2645-4c3a-9fd4-10d95a181b6e:62:normal","en","97e3aeb6-2645-4c3a-9fd4-10d95a181b6e","base1","62","normal","c957d71e-c6ea-4f35-9bd4-5519c7033800","9a5928e4-8ccb-4da1-945a-26ace16d1879","Existing alias crosses an edition/special distinction; withheld pending face/marking review, not queued as a new-image need."
"cee051fd-036b-4fee-860a-46af33b3ce85","ed4fcae2-16be-4e42-a3c5-41afe03fa88c","pokemon:en:97e3aeb6-2645-4c3a-9fd4-10d95a181b6e:63:normal","en","97e3aeb6-2645-4c3a-9fd4-10d95a181b6e","base1","63","normal","6a2b30bb-1bb4-4c0c-a978-9fa2d2f7c429","af483844-386c-4c9d-9c00-1187014819a3","Existing alias crosses an edition/special distinction; withheld pending face/marking review, not queued as a new-image need."
"f603f5f9-81fa-4c1f-b43a-014fd1827bd9","1fe7ae4b-f602-4a48-b481-1dda5fa02ba2","pokemon:en:97e3aeb6-2645-4c3a-9fd4-10d95a181b6e:64:first_edition","en","97e3aeb6-2645-4c3a-9fd4-10d95a181b6e","base1","64","first_edition","6484afe9-c6fd-4ba2-87cb-408919e3cebb","603c3727-9cbe-49ea-8248-540fa12a805b","Existing alias crosses an edition/special distinction; withheld pending face/marking review, not queued as a new-image need."
"1237f0a6-592a-430d-b2a8-598fa56f13a9","26f5cd51-ab68-4b10-b1e9-7f6e11bb85cd","pokemon:en:97e3aeb6-2645-4c3a-9fd4-10d95a181b6e:68:first_edition","en","97e3aeb6-2645-4c3a-9fd4-10d95a181b6e","base1","68","first_edition","b05c94aa-5159-40db-b8fc-d82fef2c55ba","bb710ce7-e5c4-4ec9-a6b4-76ba46fba8b1","Existing alias crosses an edition/special distinction; withheld pending face/marking review, not queued as a new-image need."
"21435a05-926c-4fe5-98fb-eb9a1e2decf4","08ab2891-7cb5-474e-8a9c-47d8a0a32db6","pokemon:en:97e3aeb6-2645-4c3a-9fd4-10d95a181b6e:69:normal","en","97e3aeb6-2645-4c3a-9fd4-10d95a181b6e","base1","69","normal","bddd89e0-4616-433a-a67a-bc8926fd4af7","9e0d619c-3a7c-4aff-84ea-81b869cb5017","Existing alias crosses an edition/special distinction; withheld pending face/marking review, not queued as a new-image need."
"cfad8f95-1759-451a-bffa-975e6c43013c","484c53b2-7a72-4bab-958a-5c6efc8cb50e","pokemon:en:97e3aeb6-2645-4c3a-9fd4-10d95a181b6e:70:normal","en","97e3aeb6-2645-4c3a-9fd4-10d95a181b6e","base1","70","normal","4eaa5943-e0b1-45aa-a010-55abcac91b56","1f079e90-47bb-4ea9-8e64-1ecb76761f49","Existing alias crosses an edition/special distinction; withheld pending face/marking review, not queued as a new-image need."
"6f749f88-fae9-4e89-891d-391a8faede1e","e3486596-23ba-4dac-a03d-fd89f99b3895","pokemon:en:97e3aeb6-2645-4c3a-9fd4-10d95a181b6e:72:normal","en","97e3aeb6-2645-4c3a-9fd4-10d95a181b6e","base1","72","normal","0b183790-6d15-46e1-b21a-ec35ff287389","07490122-7055-4dab-95af-1d290950f5dc","Existing alias crosses an edition/special distinction; withheld pending face/marking review, not queued as a new-image need."
"a6630773-d85b-4547-9a5f-feeecd7e615d","95e18adc-f483-46e7-aba7-8718ab443e9e","pokemon:en:97e3aeb6-2645-4c3a-9fd4-10d95a181b6e:73:normal","en","97e3aeb6-2645-4c3a-9fd4-10d95a181b6e","base1","73","normal","2e441530-510b-4d59-9020-eae12329c6d2","44b9f848-80c5-4e38-9ebb-507e1c2ee969","Existing alias crosses an edition/special distinction; withheld pending face/marking review, not queued as a new-image need."
"a08d7719-ff2a-4d2f-9767-41a7582bb7ed","2e97f797-01bf-4eeb-972c-f8b5999f6a2f","pokemon:en:97e3aeb6-2645-4c3a-9fd4-10d95a181b6e:74:normal","en","97e3aeb6-2645-4c3a-9fd4-10d95a181b6e","base1","74","normal","1d9cc59e-6ea0-4589-b946-3eec7b586020","82cbd908-470a-4594-b522-4d9e46d11dda","Existing alias crosses an edition/special distinction; withheld pending face/marking review, not queued as a new-image need."
"e67548c6-634a-4c4e-9251-217cbfc70a7a","3b137520-d4d5-4b36-9c69-7db7775188db","pokemon:en:97e3aeb6-2645-4c3a-9fd4-10d95a181b6e:75:first_edition","en","97e3aeb6-2645-4c3a-9fd4-10d95a181b6e","base1","75","first_edition","13fa62ec-b5f6-4e3d-99e1-aa47e6a254b1","a855314c-3d23-441f-ab58-48ae57a7a876","Existing alias crosses an edition/special distinction; withheld pending face/marking review, not queued as a new-image need."
"9c903737-5c93-4250-ade8-de6887e2dca6","a6e05747-f97b-4425-b423-ac751186e224","pokemon:en:97e3aeb6-2645-4c3a-9fd4-10d95a181b6e:76:normal","en","97e3aeb6-2645-4c3a-9fd4-10d95a181b6e","base1","76","normal","40dabb1f-c3bd-47f1-b392-66cfd639b83f","446ac6df-a2ad-4305-b43d-7449eebecd31","Existing alias crosses an edition/special distinction; withheld pending face/marking review, not queued as a new-image need."
"e4898d12-3888-4f23-95e0-caa4dc38000b","1ff1cd47-82a2-4821-8655-8999e30ab151","pokemon:en:97e3aeb6-2645-4c3a-9fd4-10d95a181b6e:78:first_edition","en","97e3aeb6-2645-4c3a-9fd4-10d95a181b6e","base1","78","first_edition","569874fb-2d21-44ee-a34d-bb1991048e91","9b7c5aa1-1ea4-4793-86bd-fad1e2431594","Existing alias crosses an edition/special distinction; withheld pending face/marking review, not queued as a new-image need."
"9ce7de0b-0c22-4350-a0c4-11fb5ce06634","41035fcb-7011-491d-8cd9-6177ca4df1f8","pokemon:en:97e3aeb6-2645-4c3a-9fd4-10d95a181b6e:81:normal","en","97e3aeb6-2645-4c3a-9fd4-10d95a181b6e","base1","81","normal","5503917b-65a5-48a3-af31-f2c1d43f5058","c1476e06-ec62-49ce-bc94-2688612a0963","Existing alias crosses an edition/special distinction; withheld pending face/marking review, not queued as a new-image need."
"1b3eb17a-5f1e-422e-a86e-2f12ad554b80","90d55066-ca5f-410e-866b-b9dc8b7b71f3","pokemon:en:97e3aeb6-2645-4c3a-9fd4-10d95a181b6e:82:first_edition","en","97e3aeb6-2645-4c3a-9fd4-10d95a181b6e","base1","82","first_edition","56a87c4f-5b24-47c2-8ab4-1a57c2e23f49","28bec9f8-75a3-411e-997c-638af210a1ad","Existing alias crosses an edition/special distinction; withheld pending face/marking review, not queued as a new-image need."
"5bc0e936-722e-4484-bddf-ed8696006e1b","1e63a0e3-1852-4484-9e4d-88e64fb50e5a","pokemon:en:97e3aeb6-2645-4c3a-9fd4-10d95a181b6e:83:normal","en","97e3aeb6-2645-4c3a-9fd4-10d95a181b6e","base1","83","normal","1de5715b-2220-4939-82f3-53b91bee686f","4851f05e-25f8-4b23-8c6d-acd566020b03","Existing alias crosses an edition/special distinction; withheld pending face/marking review, not queued as a new-image need."
"4fd9237a-9501-430e-a777-87966d30c7c0","3de4eab2-01b1-407d-b5a1-c4c790c83f8c","pokemon:en:97e3aeb6-2645-4c3a-9fd4-10d95a181b6e:86:normal","en","97e3aeb6-2645-4c3a-9fd4-10d95a181b6e","base1","86","normal","dc73a821-73a6-42b0-b3f4-bbc8cf0dd81e","b042a7b7-5282-4c58-a5c4-1bd35f2d7463","Existing alias crosses an edition/special distinction; withheld pending face/marking review, not queued as a new-image need."
"62c1f310-4342-429c-989a-ea6ff81a42d8","640bf720-82a0-483f-a55b-6a17524925ba","pokemon:en:97e3aeb6-2645-4c3a-9fd4-10d95a181b6e:90:normal","en","97e3aeb6-2645-4c3a-9fd4-10d95a181b6e","base1","90","normal","b18058c5-bd6b-431b-a928-75c703911860","01d641d0-357e-4631-b137-0248e928e921","Existing alias crosses an edition/special distinction; withheld pending face/marking review, not queued as a new-image need."
"85cd2fa7-6477-4a8a-ba90-d61f9673ddba","0d1f4ba0-b2a0-4e3c-882f-3cad4524caf0","pokemon:en:97e3aeb6-2645-4c3a-9fd4-10d95a181b6e:92:normal","en","97e3aeb6-2645-4c3a-9fd4-10d95a181b6e","base1","92","normal","4382be89-80f2-4eb6-a514-ac17ca7c9209","ae350612-9a5a-4f79-845f-e87dd7eba9fc","Existing alias crosses an edition/special distinction; withheld pending face/marking review, not queued as a new-image need."
"4b9a68d7-e75c-4081-bc98-3fa5cf5b760d","12be5611-af3c-4b42-a849-4c63309d337a","pokemon:en:97e3aeb6-2645-4c3a-9fd4-10d95a181b6e:93:normal","en","97e3aeb6-2645-4c3a-9fd4-10d95a181b6e","base1","93","normal","a67521b0-0375-410f-b9f2-c34c3dfcc418","5b397f46-10b3-4489-bb06-3e8aee9783bb","Existing alias crosses an edition/special distinction; withheld pending face/marking review, not queued as a new-image need."
"f9d4ee69-9ffe-4d32-9efd-e58742bbf105","0a866ae7-eeae-4f0b-8c81-546b15340bbe","pokemon:en:97e3aeb6-2645-4c3a-9fd4-10d95a181b6e:94:normal","en","97e3aeb6-2645-4c3a-9fd4-10d95a181b6e","base1","94","normal","17e868a6-fdfe-4503-af0e-cc0ea9c5faa0","d18766c3-1df3-44fd-b4a8-7c0de1caddad","Existing alias crosses an edition/special distinction; withheld pending face/marking review, not queued as a new-image need."
"9b390105-a944-4094-92b2-e1268caefe39","a0c4cdca-289b-4dc2-b020-aa27bab208f1","pokemon:en:97e3aeb6-2645-4c3a-9fd4-10d95a181b6e:95:first_edition","en","97e3aeb6-2645-4c3a-9fd4-10d95a181b6e","base1","95","first_edition","41068f40-2316-4840-8b73-ee784dfcd2ad","856deca0-ce59-4c21-a9d5-eaa87cfc27f7","Existing alias crosses an edition/special distinction; withheld pending face/marking review, not queued as a new-image need."
"4d1ec7ab-c7f5-462a-916b-3a6315b550ed","093f2213-4818-4b11-ab7e-cad6d19eb886","pokemon:en:97e3aeb6-2645-4c3a-9fd4-10d95a181b6e:96:normal","en","97e3aeb6-2645-4c3a-9fd4-10d95a181b6e","base1","96","normal","191cce69-e261-48d0-b201-e4bbb86bf2ce","4eeadf69-3143-4435-8a3f-6f7e4a224848","Existing alias crosses an edition/special distinction; withheld pending face/marking review, not queued as a new-image need."
"77e11e89-76b3-4013-b7e2-1da653bc745d","2d92f55e-5fe4-4280-84f9-91feca00a191","pokemon:en:97e3aeb6-2645-4c3a-9fd4-10d95a181b6e:98:first_edition","en","97e3aeb6-2645-4c3a-9fd4-10d95a181b6e","base1","98","first_edition","f10b0eca-3f5a-4d9b-959a-3474bca75bae","8f509c7e-85a7-4fa0-a092-6e1685837d06","Existing alias crosses an edition/special distinction; withheld pending face/marking review, not queued as a new-image need."
"90eeca57-ee78-41df-80eb-16eb087bbd1b","1794b4eb-9ed5-498c-889d-32a0b46e2cb6","pokemon:en:97e3aeb6-2645-4c3a-9fd4-10d95a181b6e:99:first_edition","en","97e3aeb6-2645-4c3a-9fd4-10d95a181b6e","base1","99","first_edition","0c6da9b7-4d16-4ee7-b291-df15dbec9405","36d124fa-fe2e-43e9-8be8-6ce530332cc4","Existing alias crosses an edition/special distinction; withheld pending face/marking review, not queued as a new-image need."
"bf2a62d5-1310-42b6-b419-8fa891e69a56","30f0b0ba-e6eb-4f77-b66d-46cb6408324c","pokemon:en:97e3aeb6-2645-4c3a-9fd4-10d95a181b6e:100:normal","en","97e3aeb6-2645-4c3a-9fd4-10d95a181b6e","base1","100","normal","270ad831-6bd6-4988-9182-0983dd3edb29","991049cb-bdce-44c1-a4df-3e302fe42e8a","Existing alias crosses an edition/special distinction; withheld pending face/marking review, not queued as a new-image need."
"43baf873-a503-4dec-801f-1d28ce3fb4c5","49e0279f-14fd-488a-9fec-172184ed3a69","pokemon:en:97e3aeb6-2645-4c3a-9fd4-10d95a181b6e:101:first_edition","en","97e3aeb6-2645-4c3a-9fd4-10d95a181b6e","base1","101","first_edition","ff8130b4-fa93-4f2d-b37e-0a7b6a65c848","5ddd029e-4977-46cf-a67b-b3a4fd942aa1","Existing alias crosses an edition/special distinction; withheld pending face/marking review, not queued as a new-image need."
"58e7bd59-4524-4925-bd90-01b6a4a8541f","a93ed385-7b45-4424-8628-4383fd4c9f50","pokemon:en:97e3aeb6-2645-4c3a-9fd4-10d95a181b6e:102:first_edition","en","97e3aeb6-2645-4c3a-9fd4-10d95a181b6e","base1","102","first_edition","050653f7-09d1-4fab-a604-79b89af48e6b","78a52f7c-3c94-4697-99b3-b8438cbbacb7","Existing alias crosses an edition/special distinction; withheld pending face/marking review, not queued as a new-image need."
"c24ef120-0880-40b3-a9c1-804cd20f5f83","b6be1c92-d2bf-4383-892f-706dcf1da4ef","pokemon:en:97e3aeb6-2645-4c3a-9fd4-10d95a181b6e:1:first_edition","en","97e3aeb6-2645-4c3a-9fd4-10d95a181b6e","base1","1","first_edition","f9ca90c1-feed-4601-88ac-8fe58aad6b6e","2342cc92-9ccb-479e-9773-f4cea6d636f9","Existing alias crosses an edition/special distinction; withheld pending face/marking review, not queued as a new-image need."
"af95e7fa-a0b6-43f7-a822-e2a6f9c41d6d","b684f04f-2df4-4c9e-8b7d-026f836a1871","pokemon:en:97e3aeb6-2645-4c3a-9fd4-10d95a181b6e:2:holo","en","97e3aeb6-2645-4c3a-9fd4-10d95a181b6e","base1","2","holo","a2f556d2-30df-41af-af24-f810eaa5a839","09b71bb0-edc0-42d6-a5d5-2178aaeedbe9","Existing alias crosses an edition/special distinction; withheld pending face/marking review, not queued as a new-image need."
"0e426d86-ca05-4899-b930-8e151ca55040","b68a06ce-4461-4840-aabd-a929c52425ac","pokemon:en:97e3aeb6-2645-4c3a-9fd4-10d95a181b6e:6:holo","en","97e3aeb6-2645-4c3a-9fd4-10d95a181b6e","base1","6","holo","7067cb8f-1fd1-4fb7-9471-215ddfed05ea","d7deab29-078b-43ad-83d7-4792c4fd7cfd","Existing alias crosses an edition/special distinction; withheld pending face/marking review, not queued as a new-image need."
"e180d270-388c-4432-a453-c1341549b0aa","9da011e2-aaa8-40bc-8da3-f77c0030105d","pokemon:en:97e3aeb6-2645-4c3a-9fd4-10d95a181b6e:9:first_edition","en","97e3aeb6-2645-4c3a-9fd4-10d95a181b6e","base1","9","first_edition","d007c7ca-9d76-4d5c-86ac-82de0e7539bd","36868c2e-1d42-477c-9448-15aa36fb26d8","Existing alias crosses an edition/special distinction; withheld pending face/marking review, not queued as a new-image need."
"685cec03-fe3d-4a2b-9a01-baf547410e6c","c15050da-a38a-43e7-bf47-c55d8ebfed12","pokemon:en:97e3aeb6-2645-4c3a-9fd4-10d95a181b6e:11:first_edition","en","97e3aeb6-2645-4c3a-9fd4-10d95a181b6e","base1","11","first_edition","db7ef30e-3f82-44f8-9ff9-40283e9eb774","037d9129-55a8-43e1-a6be-d746222048d3","Existing alias crosses an edition/special distinction; withheld pending face/marking review, not queued as a new-image need."
"6ef6854e-ec50-44b0-8044-8fa50f503486","6e852f0e-f7b9-4e9b-b9ce-d2ee4180ca9c","pokemon:en:97e3aeb6-2645-4c3a-9fd4-10d95a181b6e:13:first_edition","en","97e3aeb6-2645-4c3a-9fd4-10d95a181b6e","base1","13","first_edition","d06c66e4-d6dc-404f-bb5c-6a2ce89c4d6c","5cca3e22-0d10-42c2-9323-13eec0660420","Existing alias crosses an edition/special distinction; withheld pending face/marking review, not queued as a new-image need."
"4523c9a1-41ae-47f9-a8b4-8f46e832cb55","d6380a13-98f9-4e56-bafe-378ebef0cc5f","pokemon:en:97e3aeb6-2645-4c3a-9fd4-10d95a181b6e:17:normal","en","97e3aeb6-2645-4c3a-9fd4-10d95a181b6e","base1","17","normal","b38f3528-ae20-48a9-a3e5-4465831a1349","a0da6946-1a23-4f1f-a6ab-99257d8d47e9","Existing alias crosses an edition/special distinction; withheld pending face/marking review, not queued as a new-image need."
"576c436a-6074-4f7d-a51e-97b339a3e8ec","f1dca450-a22d-4e96-a97f-6b5d632c8660","pokemon:en:97e3aeb6-2645-4c3a-9fd4-10d95a181b6e:28:normal","en","97e3aeb6-2645-4c3a-9fd4-10d95a181b6e","base1","28","normal","80aa780e-3995-4348-81cd-c6cca7c01672","2e1d84c5-4801-454f-9474-393b06cf63bb","Existing alias crosses an edition/special distinction; withheld pending face/marking review, not queued as a new-image need."
"0d9210f7-df48-4c8c-80fb-f7d676d423c1","d18cfc4a-b48c-4df4-b710-bab25bd79125","pokemon:en:97e3aeb6-2645-4c3a-9fd4-10d95a181b6e:32:normal","en","97e3aeb6-2645-4c3a-9fd4-10d95a181b6e","base1","32","normal","e03b58b4-1425-40ef-a845-0fb79641a932","4ba6a815-fc21-4ca1-b310-4adb28961e5b","Existing alias crosses an edition/special distinction; withheld pending face/marking review, not queued as a new-image need."
"a2f0e6fd-c9c7-4370-8623-cc3033fb3c38","92bda68e-1113-4ef4-bc03-2f0790f4f23b","pokemon:en:97e3aeb6-2645-4c3a-9fd4-10d95a181b6e:45:normal","en","97e3aeb6-2645-4c3a-9fd4-10d95a181b6e","base1","45","normal","b0fb5598-ed99-422b-9ea0-e8a6bd080d66","9636ebf5-cfa5-42ba-8975-d04ad5c2241c","Existing alias crosses an edition/special distinction; withheld pending face/marking review, not queued as a new-image need."
"2adf4d3d-e3e1-46a6-bf5c-59e150d950eb","837a7656-d537-4a0f-841f-f611bafde698","pokemon:en:97e3aeb6-2645-4c3a-9fd4-10d95a181b6e:47:normal","en","97e3aeb6-2645-4c3a-9fd4-10d95a181b6e","base1","47","normal","e46db058-bd43-4cc5-892c-832ce2126018","9ab20562-6b3b-4f7e-a4b3-98423eb00276","Existing alias crosses an edition/special distinction; withheld pending face/marking review, not queued as a new-image need."
"26b94a40-a397-4180-a2ce-eb87b11d4cf4","9fd244a8-6234-4f4a-9672-f7d387560356","pokemon:en:97e3aeb6-2645-4c3a-9fd4-10d95a181b6e:49:normal","en","97e3aeb6-2645-4c3a-9fd4-10d95a181b6e","base1","49","normal","e0192cdf-1243-40df-920b-80b5fd8325d4","aa34fc6c-5ca9-4550-b3be-79e1c2d9f534","Existing alias crosses an edition/special distinction; withheld pending face/marking review, not queued as a new-image need."
"1772d431-6f40-43b0-9ca2-b86b994df026","cb0a3fa4-1a51-4958-940c-1b1540e1fd6e","pokemon:en:97e3aeb6-2645-4c3a-9fd4-10d95a181b6e:50:normal","en","97e3aeb6-2645-4c3a-9fd4-10d95a181b6e","base1","50","normal","df9231b5-0780-454d-b2a2-26f1f39c6e5c","31b452d8-f4c2-4bec-9924-e113778e78ad","Existing alias crosses an edition/special distinction; withheld pending face/marking review, not queued as a new-image need."
"19efe84b-d6a3-4157-a7d3-81b4f984d623","71cc91d9-b8c0-40f4-bf85-ff4633edbf5c","pokemon:en:97e3aeb6-2645-4c3a-9fd4-10d95a181b6e:51:normal","en","97e3aeb6-2645-4c3a-9fd4-10d95a181b6e","base1","51","normal","715b3440-cb21-45fb-9f6d-59ecd5842870","c13bba5d-36bd-42a3-96fa-603bffa81741","Existing alias crosses an edition/special distinction; withheld pending face/marking review, not queued as a new-image need."
"3a858ead-83c3-4b94-9241-18e9c7848daf","abf97f13-2e75-4783-b719-892c2bc57877","pokemon:en:97e3aeb6-2645-4c3a-9fd4-10d95a181b6e:58:normal","en","97e3aeb6-2645-4c3a-9fd4-10d95a181b6e","base1","58","normal","74b39f90-dde9-47b0-a2bf-e510fe6e6875","427c1e9e-658a-48b3-a050-40be77e39f95","Existing alias crosses an edition/special distinction; withheld pending face/marking review, not queued as a new-image need."
"cc6f7476-d378-4136-9e69-2ccfc906d813","c5aec9ff-1ccd-4f8e-8012-9ce131d412ee","pokemon:en:97e3aeb6-2645-4c3a-9fd4-10d95a181b6e:60:normal","en","97e3aeb6-2645-4c3a-9fd4-10d95a181b6e","base1","60","normal","cba8531d-a4d3-481a-a946-ff93b9b756c0","7f78a7c9-742e-4405-b803-62741716b251","Existing alias crosses an edition/special distinction; withheld pending face/marking review, not queued as a new-image need."
"4ada309e-00c4-470d-9b5f-30a7630415fe","72bcd585-9cf8-471d-989b-5465ba205eec","pokemon:en:97e3aeb6-2645-4c3a-9fd4-10d95a181b6e:65:first_edition","en","97e3aeb6-2645-4c3a-9fd4-10d95a181b6e","base1","65","first_edition","bb542264-213e-4781-aae5-25fc737dc15c","3ba0aaec-b6ee-4eca-b13c-d4d20ee4844c","Existing alias crosses an edition/special distinction; withheld pending face/marking review, not queued as a new-image need."
"f9d9c281-5387-4f29-8ec0-e4a90a005259","e7162816-62bb-4dac-a44f-bdb6f3089357","pokemon:en:97e3aeb6-2645-4c3a-9fd4-10d95a181b6e:66:first_edition","en","97e3aeb6-2645-4c3a-9fd4-10d95a181b6e","base1","66","first_edition","ff42ef31-b824-4b4f-b0d6-e2a3b14fa554","9f93c475-99be-4cd6-8104-04a071733e84","Existing alias crosses an edition/special distinction; withheld pending face/marking review, not queued as a new-image need."
"2d389b7d-0ed0-4af3-8314-6fb49f42c9c3","bd536126-595f-44c5-a0c5-1005b0445832","pokemon:en:97e3aeb6-2645-4c3a-9fd4-10d95a181b6e:67:first_edition","en","97e3aeb6-2645-4c3a-9fd4-10d95a181b6e","base1","67","first_edition","84b92b30-d127-4105-ba57-b0041a0d3f79","023767c7-b39a-4eb4-bbdb-032fec9297b4","Existing alias crosses an edition/special distinction; withheld pending face/marking review, not queued as a new-image need."
"57658c97-69b8-462b-8322-e59019789ada","c0bfe1a1-48dc-4a87-837f-9d423b6c48d7","pokemon:en:97e3aeb6-2645-4c3a-9fd4-10d95a181b6e:71:normal","en","97e3aeb6-2645-4c3a-9fd4-10d95a181b6e","base1","71","normal","c63e6fb0-4d05-4066-8412-6604c24673a4","aac9c001-ec30-4921-9d07-cd6912dc1ae3","Existing alias crosses an edition/special distinction; withheld pending face/marking review, not queued as a new-image need."
"6cfac7a0-208a-4abf-aeed-82dd1a8ae6e1","9424e78f-b7b9-4328-ba26-55982bb0effc","pokemon:en:97e3aeb6-2645-4c3a-9fd4-10d95a181b6e:77:first_edition","en","97e3aeb6-2645-4c3a-9fd4-10d95a181b6e","base1","77","first_edition","c652cbce-9759-4c1e-857b-df9fe2fc84a2","83204460-a0b2-48e3-8654-002a6f5b0453","Existing alias crosses an edition/special distinction; withheld pending face/marking review, not queued as a new-image need."
"0c3b4cfd-2fdf-4ab6-b39d-817081ac7c26","c8dcf306-8e97-4f71-8767-26c5db0797b3","pokemon:en:97e3aeb6-2645-4c3a-9fd4-10d95a181b6e:79:first_edition","en","97e3aeb6-2645-4c3a-9fd4-10d95a181b6e","base1","79","first_edition","d4abf26e-6a0a-43ec-bef5-abe663f027ac","3094ab36-c9f7-4bdc-9fb8-7a90c93064b6","Existing alias crosses an edition/special distinction; withheld pending face/marking review, not queued as a new-image need."
"c6ebcbc3-8141-43d7-8325-adc9f252923e","863cbcda-2b1c-4c7c-8b01-f9bb36a1f341","pokemon:en:97e3aeb6-2645-4c3a-9fd4-10d95a181b6e:80:first_edition","en","97e3aeb6-2645-4c3a-9fd4-10d95a181b6e","base1","80","first_edition","d6777a56-f8a7-402d-a31d-662bd85485aa","1adaf649-c76e-4d29-a494-cb18b2ff975d","Existing alias crosses an edition/special distinction; withheld pending face/marking review, not queued as a new-image need."
"d96b659a-b07e-4e98-b0cd-497cccf9cd04","bcaea188-e427-4249-bc48-3c6bd6b6c57f","pokemon:en:97e3aeb6-2645-4c3a-9fd4-10d95a181b6e:84:normal","en","97e3aeb6-2645-4c3a-9fd4-10d95a181b6e","base1","84","normal","de832096-520d-439a-8f5d-e04680185bd5","005e37b1-c523-4336-8af1-163775e4c7c0","Existing alias crosses an edition/special distinction; withheld pending face/marking review, not queued as a new-image need."
"0c44dd74-11cd-4f98-a799-ad37761216be","d8522b86-33d5-49f2-b245-0ed58a8e9a5a","pokemon:en:97e3aeb6-2645-4c3a-9fd4-10d95a181b6e:85:first_edition","en","97e3aeb6-2645-4c3a-9fd4-10d95a181b6e","base1","85","first_edition","a8cd9907-65f0-4b49-94f1-937d3b7d740b","731b4432-1a34-40c7-a325-93b507107ddb","Existing alias crosses an edition/special distinction; withheld pending face/marking review, not queued as a new-image need."
"95f52cc3-41f3-4276-b9ff-a669f29921da","d9613f0a-ba8e-4cd0-9f93-6dca155f0152","pokemon:en:97e3aeb6-2645-4c3a-9fd4-10d95a181b6e:87:normal","en","97e3aeb6-2645-4c3a-9fd4-10d95a181b6e","base1","87","normal","b16c3bd3-947a-4dba-a158-0a2edb9e2ea3","104f1366-bb34-4512-8a3e-2979fe2f682f","Existing alias crosses an edition/special distinction; withheld pending face/marking review, not queued as a new-image need."
"1747225e-1853-4381-bf38-f858c36dd41f","ecb462dd-16ae-4666-82da-825782ef0a1f","pokemon:en:97e3aeb6-2645-4c3a-9fd4-10d95a181b6e:88:first_edition","en","97e3aeb6-2645-4c3a-9fd4-10d95a181b6e","base1","88","first_edition","b0acad6a-3d73-432a-922c-03fca42a7284","1ef7a1ba-4f87-4784-a98a-cf79c8a77755","Existing alias crosses an edition/special distinction; withheld pending face/marking review, not queued as a new-image need."
"571529b8-8937-4fa7-a205-3db15a08aa10","a9aaeec5-dc20-44fa-8998-2e5b0bc775c2","pokemon:en:97e3aeb6-2645-4c3a-9fd4-10d95a181b6e:89:normal","en","97e3aeb6-2645-4c3a-9fd4-10d95a181b6e","base1","89","normal","8579dd6a-fd0f-43dc-ba51-8fdf73b53567","332381db-834e-4b77-bf1f-cfb062045b2b","Existing alias crosses an edition/special distinction; withheld pending face/marking review, not queued as a new-image need."
"801dcb2d-7bdb-43c1-91fc-58bceefc1082","7c5b14ea-ab71-4451-9991-6c3b0b6bda68","pokemon:en:97e3aeb6-2645-4c3a-9fd4-10d95a181b6e:91:normal","en","97e3aeb6-2645-4c3a-9fd4-10d95a181b6e","base1","91","normal","f3b68c8e-773e-47cf-9b28-b8989af805a1","af67028e-9f0f-4e71-b623-3f426418a05d","Existing alias crosses an edition/special distinction; withheld pending face/marking review, not queued as a new-image need."
"830566ff-d4c7-4647-b3a2-f99faf849dd1","8c401894-ac0f-410a-ab8c-dcd3bc6e18dc","pokemon:en:97e3aeb6-2645-4c3a-9fd4-10d95a181b6e:97:normal","en","97e3aeb6-2645-4c3a-9fd4-10d95a181b6e","base1","97","normal","cd73f0fb-4855-466c-beca-4d8ba40513f4","591c8aa6-36b3-4185-ba13-f59814ad2934","Existing alias crosses an edition/special distinction; withheld pending face/marking review, not queued as a new-image need."
