"cardId","variantIds","canonicalIds","language","setId","setCode","collectorNumber","distinctions","reason"
"0dff7f31-6e73-46a1-a348-2622b76eaf42","00e5c6cd-fd61-411b-92a3-13862472e20f|10f845de-be9c-44a2-af65-7a9084f700c7","pokemon:zh-tw:3c0c1ae1-7d62-4384-97f1-734ff9460162:028:normal|pokemon:zh-tw:3c0c1ae1-7d62-4384-97f1-734ff9460162:028:reverse_holo","zh-tw","3c0c1ae1-7d62-4384-97f1-734ff9460162","SV2a","028","normal|reverse_holo","No face returned by set API. Exact-printing manifest could not be read; verify existing approved assets before manual sourcing."
"8138d55d-02c5-457d-a17f-c0e0f60caee4","272fea17-0027-488b-a094-690345e82f7e|280892da-3eb9-4bec-9f02-01861641b975","pokemon:zh-tw:3c0c1ae1-7d62-4384-97f1-734ff9460162:029:normal|pokemon:zh-tw:3c0c1ae1-7d62-4384-97f1-734ff9460162:029:reverse_holo","zh-tw","3c0c1ae1-7d62-4384-97f1-734ff9460162","SV2a","029","normal|reverse_holo","No face returned by set API. Exact-printing manifest could not be read; verify existing approved assets before manual sourcing."
"1e558d3d-0e34-4f03-95cb-cc4031687ce6","2201632e-779b-4fbd-a8cd-f33d2fe28686|da0a39e6-1f77-4a5d-9122-cba2a6ad8121","pokemon:zh-tw:3c0c1ae1-7d62-4384-97f1-734ff9460162:032:reverse_holo|pokemon:zh-tw:3c0c1ae1-7d62-4384-97f1-734ff9460162:032:normal","zh-tw","3c0c1ae1-7d62-4384-97f1-734ff9460162","SV2a","032","reverse_holo|normal","No face returned by set API. Exact-printing manifest could not be read; verify existing approved assets before manual sourcing."
"4bcc0ad3-48b4-426e-93c3-5c8befcad204","0ef42353-5897-49d1-ae99-14e97bc2de87|8f1f51aa-503f-4591-8633-ea58fcbb13b9","pokemon:zh-tw:3c0c1ae1-7d62-4384-97f1-734ff9460162:035:normal|pokemon:zh-tw:3c0c1ae1-7d62-4384-97f1-734ff9460162:035:reverse_holo","zh-tw","3c0c1ae1-7d62-4384-97f1-734ff9460162","SV2a","035","normal|reverse_holo","No face returned by set API. Exact-printing manifest could not be read; verify existing approved assets before manual sourcing."
"162fd2ba-f247-485f-8f14-71c49bb8a0d6","0bbb1403-fb84-47fa-bc1a-dc149b0c2f54|4b66ce48-f4d6-4d5e-be3d-d1efe733c0dd","pokemon:zh-tw:3c0c1ae1-7d62-4384-97f1-734ff9460162:037:reverse_holo|pokemon:zh-tw:3c0c1ae1-7d62-4384-97f1-734ff9460162:037:normal","zh-tw","3c0c1ae1-7d62-4384-97f1-734ff9460162","SV2a","037","reverse_holo|normal","No face returned by set API. Exact-printing manifest could not be read; verify existing approved assets before manual sourcing."
"8e733e84-a13f-4bd6-ae88-9d0cedefa93d","3307062b-4212-4b86-9c21-ee25d7e5eabd","pokemon:zh-tw:3c0c1ae1-7d62-4384-97f1-734ff9460162:038:holo","zh-tw","3c0c1ae1-7d62-4384-97f1-734ff9460162","SV2a","038","holo","No face returned by set API. Exact-printing manifest could not be read; verify existing approved assets before manual sourcing."
"81348774-1934-4875-8ace-adaf3caa6264","0bb907d6-7dda-4b2d-b192-43e16eefc705|f386dae0-ee12-4e3f-994e-3a18e14e29d5","pokemon:zh-tw:3c0c1ae1-7d62-4384-97f1-734ff9460162:042:normal|pokemon:zh-tw:3c0c1ae1-7d62-4384-97f1-734ff9460162:042:reverse_holo","zh-tw","3c0c1ae1-7d62-4384-97f1-734ff9460162","SV2a","042","normal|reverse_holo","No face returned by set API. Exact-printing manifest could not be read; verify existing approved assets before manual sourcing."
"ad316080-3575-40fb-8ea0-f5cb0d803513","1baf0bf1-8e66-42df-af93-138e3c3b6a70|77bf2edb-b8d9-4b6e-8d32-9274a8a870bc","pokemon:zh-tw:3c0c1ae1-7d62-4384-97f1-734ff9460162:044:reverse_holo|pokemon:zh-tw:3c0c1ae1-7d62-4384-97f1-734ff9460162:044:normal","zh-tw","3c0c1ae1-7d62-4384-97f1-734ff9460162","SV2a","044","reverse_holo|normal","No face returned by set API. Exact-printing manifest could not be read; verify existing approved assets before manual sourcing."
"3940c4f9-93ea-477b-b93c-20815e369aaa","33039a23-4a01-464f-8a30-237136fd9136|5ee711b8-996d-46c3-96a8-058db933148e","pokemon:zh-tw:3c0c1ae1-7d62-4384-97f1-734ff9460162:045:reverse_holo|pokemon:zh-tw:3c0c1ae1-7d62-4384-97f1-734ff9460162:045:holo","zh-tw","3c0c1ae1-7d62-4384-97f1-734ff9460162","SV2a","045","reverse_holo|holo","No face returned by set API. Exact-printing manifest could not be read; verify existing approved assets before manual sourcing."
"4517a96f-8e90-427c-bdb4-20ef79cc53c5","131575c5-b8a4-4680-b4d2-a34dcf5f4f14|4c50315b-d6a6-4e60-ab8b-89f0ef4f9a1a","pokemon:zh-tw:3c0c1ae1-7d62-4384-97f1-734ff9460162:049:normal|pokemon:zh-tw:3c0c1ae1-7d62-4384-97f1-734ff9460162:049:reverse_holo","zh-tw","3c0c1ae1-7d62-4384-97f1-734ff9460162","SV2a","049","normal|reverse_holo","No face returned by set API. Exact-printing manifest could not be read; verify existing approved assets before manual sourcing."
"e91571e3-0391-4afc-9d69-d5107c099d93","08dfdfe7-52a5-433c-a9c8-a393aa4dc4d8|0b105298-35a1-4c62-843c-8d69a73698bf","pokemon:zh-tw:3c0c1ae1-7d62-4384-97f1-734ff9460162:050:normal|pokemon:zh-tw:3c0c1ae1-7d62-4384-97f1-734ff9460162:050:reverse_holo","zh-tw","3c0c1ae1-7d62-4384-97f1-734ff9460162","SV2a","050","normal|reverse_holo","No face returned by set API. Exact-printing manifest could not be read; verify existing approved assets before manual sourcing."
"9d9bb077-a77b-4ae8-b184-4fa303fc8d90","2d15c650-0cab-496d-9a43-85dd2e36462b|8ec87741-1a34-41d5-b366-9b8913c35028","pokemon:zh-tw:3c0c1ae1-7d62-4384-97f1-734ff9460162:054:reverse_holo|pokemon:zh-tw:3c0c1ae1-7d62-4384-97f1-734ff9460162:054:normal","zh-tw","3c0c1ae1-7d62-4384-97f1-734ff9460162","SV2a","054","reverse_holo|normal","No face returned by set API. Exact-printing manifest could not be read; verify existing approved assets before manual sourcing."
"c575a7cb-057a-424e-9217-772bff1943a6","172f6ea6-7f49-4995-a6b6-e6cf53b4cb64|c762def4-2390-4e1b-8c78-43ab72a749d1","pokemon:zh-tw:3c0c1ae1-7d62-4384-97f1-734ff9460162:058:normal|pokemon:zh-tw:3c0c1ae1-7d62-4384-97f1-734ff9460162:058:reverse_holo","zh-tw","3c0c1ae1-7d62-4384-97f1-734ff9460162","SV2a","058","normal|reverse_holo","No face returned by set API. Exact-printing manifest could not be read; verify existing approved assets before manual sourcing."
"90de2934-f11f-480d-a8c3-dea21cf50a96","12cf9dc1-4cb0-4385-b784-85962fe2c5ce|83e302fe-d4cd-4ddd-bf51-4bb55809bb97","pokemon:zh-tw:3c0c1ae1-7d62-4384-97f1-734ff9460162:060:reverse_holo|pokemon:zh-tw:3c0c1ae1-7d62-4384-97f1-734ff9460162:060:normal","zh-tw","3c0c1ae1-7d62-4384-97f1-734ff9460162","SV2a","060","reverse_holo|normal","No face returned by set API. Exact-printing manifest could not be read; verify existing approved assets before manual sourcing."
"31636f4a-cef4-48fb-bd77-e87f0f7bb17c","0d699b95-58a3-4055-bb16-54b729bd62a4|f5c1fa40-91f5-45ac-8910-3947aa11776e","pokemon:zh-tw:3c0c1ae1-7d62-4384-97f1-734ff9460162:061:normal|pokemon:zh-tw:3c0c1ae1-7d62-4384-97f1-734ff9460162:061:reverse_holo","zh-tw","3c0c1ae1-7d62-4384-97f1-734ff9460162","SV2a","061","normal|reverse_holo","No face returned by set API. Exact-printing manifest could not be read; verify existing approved assets before manual sourcing."
"21aa4efb-3016-4b74-ab6b-8c8c82d52efd","0e75339a-4795-4d93-b995-8409c3ed34b3|af042521-bd87-4177-a9fd-7f2d12f6127c","pokemon:zh-tw:3c0c1ae1-7d62-4384-97f1-734ff9460162:062:normal|pokemon:zh-tw:3c0c1ae1-7d62-4384-97f1-734ff9460162:062:reverse_holo","zh-tw","3c0c1ae1-7d62-4384-97f1-734ff9460162","SV2a","062","normal|reverse_holo","No face returned by set API. Exact-printing manifest could not be read; verify existing approved assets before manual sourcing."
"825c08e4-01cc-477d-b8df-485cacd17efd","3182723a-b271-4701-800c-329f4626e376|6af8a059-023a-4a2c-9608-ce54dc073f53","pokemon:zh-tw:3c0c1ae1-7d62-4384-97f1-734ff9460162:066:normal|pokemon:zh-tw:3c0c1ae1-7d62-4384-97f1-734ff9460162:066:reverse_holo","zh-tw","3c0c1ae1-7d62-4384-97f1-734ff9460162","SV2a","066","normal|reverse_holo","No face returned by set API. Exact-printing manifest could not be read; verify existing approved assets before manual sourcing."
"019a06af-b1a8-44d8-b7dd-18a4541deb59","35300e22-4e0e-456f-8929-2e3d3adf8938|fd224044-81f3-42ca-b652-75fc54b89a1f","pokemon:zh-tw:3c0c1ae1-7d62-4384-97f1-734ff9460162:067:normal|pokemon:zh-tw:3c0c1ae1-7d62-4384-97f1-734ff9460162:067:reverse_holo","zh-tw","3c0c1ae1-7d62-4384-97f1-734ff9460162","SV2a","067","normal|reverse_holo","No face returned by set API. Exact-printing manifest could not be read; verify existing approved assets before manual sourcing."
"88abddfe-4b3d-4ea4-a2b2-5b000db2b46e","363d2eba-b831-4034-86ba-d2c415e0db3a|bca14a8d-bc23-405b-9022-5d7ccde4ccde","pokemon:zh-tw:3c0c1ae1-7d62-4384-97f1-734ff9460162:068:holo|pokemon:zh-tw:3c0c1ae1-7d62-4384-97f1-734ff9460162:068:reverse_holo","zh-tw","3c0c1ae1-7d62-4384-97f1-734ff9460162","SV2a","068","holo|reverse_holo","No face returned by set API. Exact-printing manifest could not be read; verify existing approved assets before manual sourcing."
"5d474700-4719-4138-acd0-d732910fce8a","10b560ea-ce1c-4f75-988a-71d7879cb1be|a46c0039-58d9-4838-84fa-f1c2ac8e1a49","pokemon:zh-tw:3c0c1ae1-7d62-4384-97f1-734ff9460162:069:normal|pokemon:zh-tw:3c0c1ae1-7d62-4384-97f1-734ff9460162:069:reverse_holo","zh-tw","3c0c1ae1-7d62-4384-97f1-734ff9460162","SV2a","069","normal|reverse_holo","No face returned by set API. Exact-printing manifest could not be read; verify existing approved assets before manual sourcing."
"df858dbc-9e4a-483c-94f3-f8a7f7c655b0","0f2847a0-2079-46ed-ae1d-9036f886570e|9adc4eb0-f7bb-4ae2-bcc4-dac01cada18e","pokemon:zh-tw:3c0c1ae1-7d62-4384-97f1-734ff9460162:071:normal|pokemon:zh-tw:3c0c1ae1-7d62-4384-97f1-734ff9460162:071:reverse_holo","zh-tw","3c0c1ae1-7d62-4384-97f1-734ff9460162","SV2a","071","normal|reverse_holo","No face returned by set API. Exact-printing manifest could not be read; verify existing approved assets before manual sourcing."
"87d1e3fa-c50e-449e-a117-f61c116da177","11accf9d-1401-405e-b1fa-6558aa92c310|d0f4dd85-4b97-4af2-b133-efcbaf2f7d95","pokemon:zh-tw:3c0c1ae1-7d62-4384-97f1-734ff9460162:072:reverse_holo|pokemon:zh-tw:3c0c1ae1-7d62-4384-97f1-734ff9460162:072:normal","zh-tw","3c0c1ae1-7d62-4384-97f1-734ff9460162","SV2a","072","reverse_holo|normal","No face returned by set API. Exact-printing manifest could not be read; verify existing approved assets before manual sourcing."
"55253994-9c78-4623-b34d-585c0ee887a6","0797dd23-2eb5-490c-9326-7337e97db09f","pokemon:zh-tw:3c0c1ae1-7d62-4384-97f1-734ff9460162:076:holo","zh-tw","3c0c1ae1-7d62-4384-97f1-734ff9460162","SV2a","076","holo","No face returned by set API. Exact-printing manifest could not be read; verify existing approved assets before manual sourcing."
"bdda59a6-28bd-4f07-bee7-4751a52259c3","3d7362d3-24b9-4d37-af07-61c55e74c738|ccc1d1f1-3eb3-4a6a-b588-bed83f641043","pokemon:zh-tw:3c0c1ae1-7d62-4384-97f1-734ff9460162:077:normal|pokemon:zh-tw:3c0c1ae1-7d62-4384-97f1-734ff9460162:077:reverse_holo","zh-tw","3c0c1ae1-7d62-4384-97f1-734ff9460162","SV2a","077","normal|reverse_holo","No face returned by set API. Exact-printing manifest could not be read; verify existing approved assets before manual sourcing."
"d15d80f4-283c-4f0c-8e87-2631de3778da","1c4eeb76-9afc-483b-ba63-0a32a1a9d207|2a6eece5-c92e-44a0-a224-434480a47150","pokemon:zh-tw:3c0c1ae1-7d62-4384-97f1-734ff9460162:079:normal|pokemon:zh-tw:3c0c1ae1-7d62-4384-97f1-734ff9460162:079:reverse_holo","zh-tw","3c0c1ae1-7d62-4384-97f1-734ff9460162","SV2a","079","normal|reverse_holo","No face returned by set API. Exact-printing manifest could not be read; verify existing approved assets before manual sourcing."
"898f6540-24ce-4e9b-90c6-6f4c590f7434","29ebe1d0-744d-4a81-9b87-af4fbb7b578a|cfb355f8-84de-4710-9fa2-9555658daa89","pokemon:zh-tw:3c0c1ae1-7d62-4384-97f1-734ff9460162:081:reverse_holo|pokemon:zh-tw:3c0c1ae1-7d62-4384-97f1-734ff9460162:081:normal","zh-tw","3c0c1ae1-7d62-4384-97f1-734ff9460162","SV2a","081","reverse_holo|normal","No face returned by set API. Exact-printing manifest could not be read; verify existing approved assets before manual sourcing."
"dccc0985-82d7-4e5b-b503-832c5efe8a8c","047ef373-db2a-4555-a096-85c97835c015|a8b00721-ce42-40be-8e63-f379668577ed","pokemon:zh-tw:3c0c1ae1-7d62-4384-97f1-734ff9460162:085:reverse_holo|pokemon:zh-tw:3c0c1ae1-7d62-4384-97f1-734ff9460162:085:holo","zh-tw","3c0c1ae1-7d62-4384-97f1-734ff9460162","SV2a","085","reverse_holo|holo","No face returned by set API. Exact-printing manifest could not be read; verify existing approved assets before manual sourcing."
"6d6c2869-6dd3-4be5-b778-dfda2f7e765b","2868023a-74ce-4eed-b621-17cb0e107d5e|dabc8f7c-0a08-46a2-9fd0-caae609f4196","pokemon:zh-tw:3c0c1ae1-7d62-4384-97f1-734ff9460162:087:normal|pokemon:zh-tw:3c0c1ae1-7d62-4384-97f1-734ff9460162:087:reverse_holo","zh-tw","3c0c1ae1-7d62-4384-97f1-734ff9460162","SV2a","087","normal|reverse_holo","No face returned by set API. Exact-printing manifest could not be read; verify existing approved assets before manual sourcing."
"c2270dd0-1847-4156-9ed2-7ebd9097822f","3da9be1c-0c06-4b0d-8136-7a93148f8f47|ae0e90dd-c569-4dd9-ad06-2db4101c1024","pokemon:zh-tw:3c0c1ae1-7d62-4384-97f1-734ff9460162:088:reverse_holo|pokemon:zh-tw:3c0c1ae1-7d62-4384-97f1-734ff9460162:088:normal","zh-tw","3c0c1ae1-7d62-4384-97f1-734ff9460162","SV2a","088","reverse_holo|normal","No face returned by set API. Exact-printing manifest could not be read; verify existing approved assets before manual sourcing."
"5ccf3511-9ee7-40d2-bdca-763f60350618","2814968f-3e60-4f7f-8370-443ab41f2548|31c18654-a020-4e87-b230-6168269325df","pokemon:zh-tw:3c0c1ae1-7d62-4384-97f1-734ff9460162:090:reverse_holo|pokemon:zh-tw:3c0c1ae1-7d62-4384-97f1-734ff9460162:090:normal","zh-tw","3c0c1ae1-7d62-4384-97f1-734ff9460162","SV2a","090","reverse_holo|normal","No face returned by set API. Exact-printing manifest could not be read; verify existing approved assets before manual sourcing."
"53105b7f-68db-4cce-81f6-8eeaa8b10c30","19af3d94-199c-4b5c-87c1-9082430da670|e49eaa1c-b7c9-4d92-80c3-27a6776a8ea1","pokemon:zh-tw:3c0c1ae1-7d62-4384-97f1-734ff9460162:092:normal|pokemon:zh-tw:3c0c1ae1-7d62-4384-97f1-734ff9460162:092:reverse_holo","zh-tw","3c0c1ae1-7d62-4384-97f1-734ff9460162","SV2a","092","normal|reverse_holo","No face returned by set API. Exact-printing manifest could not be read; verify existing approved assets before manual sourcing."
"a7732090-a80d-4297-94e6-66ea92f7e7e0","1bc0388f-f980-4de0-a384-872f96a5e3b0|7791ac8b-b9a4-45c5-be05-97107491b9dc","pokemon:zh-tw:3c0c1ae1-7d62-4384-97f1-734ff9460162:093:reverse_holo|pokemon:zh-tw:3c0c1ae1-7d62-4384-97f1-734ff9460162:093:normal","zh-tw","3c0c1ae1-7d62-4384-97f1-734ff9460162","SV2a","093","reverse_holo|normal","No face returned by set API. Exact-printing manifest could not be read; verify existing approved assets before manual sourcing."
"3394e91d-54bc-40c9-a36d-ff767ec52bfd","39c8e42d-817b-4250-83e1-9e80439c3f77|66fc50f1-51bb-47d0-830b-0e08835dc3ef","pokemon:zh-tw:3c0c1ae1-7d62-4384-97f1-734ff9460162:097:reverse_holo|pokemon:zh-tw:3c0c1ae1-7d62-4384-97f1-734ff9460162:097:normal","zh-tw","3c0c1ae1-7d62-4384-97f1-734ff9460162","SV2a","097","reverse_holo|normal","No face returned by set API. Exact-printing manifest could not be read; verify existing approved assets before manual sourcing."
"875043e8-61bd-41a5-8030-51b4f44e2294","0cd9b78d-b4a7-4c61-b732-be3df622be95|0f9d8e1f-601c-426b-80d1-90f3a6d3a0c9","pokemon:zh-tw:3c0c1ae1-7d62-4384-97f1-734ff9460162:098:normal|pokemon:zh-tw:3c0c1ae1-7d62-4384-97f1-734ff9460162:098:reverse_holo","zh-tw","3c0c1ae1-7d62-4384-97f1-734ff9460162","SV2a","098","normal|reverse_holo","No face returned by set API. Exact-printing manifest could not be read; verify existing approved assets before manual sourcing."
"fbcc44c1-c4e4-4d69-8aa5-85ac609428fc","0ae72f49-9bbb-496e-9473-61e6df244ee0|e069e850-9b2c-4f77-a25f-589d74b472e5","pokemon:zh-tw:3c0c1ae1-7d62-4384-97f1-734ff9460162:100:normal|pokemon:zh-tw:3c0c1ae1-7d62-4384-97f1-734ff9460162:100:reverse_holo","zh-tw","3c0c1ae1-7d62-4384-97f1-734ff9460162","SV2a","100","normal|reverse_holo","No face returned by set API. Exact-printing manifest could not be read; verify existing approved assets before manual sourcing."
"12c384af-2709-4769-bb6b-2c80f980b4bb","16612936-c73d-4d68-b7f3-3bc5e3ce7534|569dd4cf-984d-4280-9b8d-9d6affe36768","pokemon:zh-tw:3c0c1ae1-7d62-4384-97f1-734ff9460162:106:reverse_holo|pokemon:zh-tw:3c0c1ae1-7d62-4384-97f1-734ff9460162:106:normal","zh-tw","3c0c1ae1-7d62-4384-97f1-734ff9460162","SV2a","106","reverse_holo|normal","No face returned by set API. Exact-printing manifest could not be read; verify existing approved assets before manual sourcing."
"98cef578-6c40-40f1-b17c-00dc24f90ef1","0d183dc5-7865-419e-acfe-bfd06fedcf02|bee9764d-a95a-49b0-b96b-940ed1a6a4fb","pokemon:zh-tw:3c0c1ae1-7d62-4384-97f1-734ff9460162:108:reverse_holo|pokemon:zh-tw:3c0c1ae1-7d62-4384-97f1-734ff9460162:108:normal","zh-tw","3c0c1ae1-7d62-4384-97f1-734ff9460162","SV2a","108","reverse_holo|normal","No face returned by set API. Exact-printing manifest could not be read; verify existing approved assets before manual sourcing."
"2bf7cf25-3b77-4abf-86eb-c875590f8a53","01550462-bd68-4300-88bc-488d561d22a2|95894c56-2c5a-4a5e-9741-eaef1f79b18a","pokemon:zh-tw:3c0c1ae1-7d62-4384-97f1-734ff9460162:111:normal|pokemon:zh-tw:3c0c1ae1-7d62-4384-97f1-734ff9460162:111:reverse_holo","zh-tw","3c0c1ae1-7d62-4384-97f1-734ff9460162","SV2a","111","normal|reverse_holo","No face returned by set API. Exact-printing manifest could not be read; verify existing approved assets before manual sourcing."
"d91e09f8-5698-4d81-af18-3d28d643ec58","1fef0292-3d51-4375-81ad-03388eeab9fc|b812a15c-8b6e-4332-87bf-8a18671c353f","pokemon:zh-tw:3c0c1ae1-7d62-4384-97f1-734ff9460162:116:normal|pokemon:zh-tw:3c0c1ae1-7d62-4384-97f1-734ff9460162:116:reverse_holo","zh-tw","3c0c1ae1-7d62-4384-97f1-734ff9460162","SV2a","116","normal|reverse_holo","No face returned by set API. Exact-printing manifest could not be read; verify existing approved assets before manual sourcing."
"6afed3c3-f3a3-4182-b006-9749be391faa","197a85dc-3e54-4f56-83c0-5344de24a988|957f8b34-9b87-4f74-8c89-618473d3b235","pokemon:zh-tw:3c0c1ae1-7d62-4384-97f1-734ff9460162:118:reverse_holo|pokemon:zh-tw:3c0c1ae1-7d62-4384-97f1-734ff9460162:118:normal","zh-tw","3c0c1ae1-7d62-4384-97f1-734ff9460162","SV2a","118","reverse_holo|normal","No face returned by set API. Exact-printing manifest could not be read; verify existing approved assets before manual sourcing."
"8d05ccb3-f4d8-4d86-8c18-4582e00009b1","1fb71a6d-a328-418b-9702-20cea7d3cd28|64c30da4-a12c-4245-b3fd-f417167ac08d","pokemon:zh-tw:3c0c1ae1-7d62-4384-97f1-734ff9460162:120:normal|pokemon:zh-tw:3c0c1ae1-7d62-4384-97f1-734ff9460162:120:reverse_holo","zh-tw","3c0c1ae1-7d62-4384-97f1-734ff9460162","SV2a","120","normal|reverse_holo","No face returned by set API. Exact-printing manifest could not be read; verify existing approved assets before manual sourcing."
"6062f726-230b-454d-9f17-133a61fc1a34","0dd31cd1-0620-49cf-9660-5c1fd0713fdc|f5ead69e-5740-4a17-b202-7f2c75b8eddc","pokemon:zh-tw:3c0c1ae1-7d62-4384-97f1-734ff9460162:126:reverse_holo|pokemon:zh-tw:3c0c1ae1-7d62-4384-97f1-734ff9460162:126:normal","zh-tw","3c0c1ae1-7d62-4384-97f1-734ff9460162","SV2a","126","reverse_holo|normal","No face returned by set API. Exact-printing manifest could not be read; verify existing approved assets before manual sourcing."
"140feed4-664f-4458-8214-8f05c447baed","02721015-6bd0-422b-8656-97885890e8c5|86a9151d-20cd-4c2e-afe2-9aef11598c42","pokemon:zh-tw:3c0c1ae1-7d62-4384-97f1-734ff9460162:127:normal|pokemon:zh-tw:3c0c1ae1-7d62-4384-97f1-734ff9460162:127:reverse_holo","zh-tw","3c0c1ae1-7d62-4384-97f1-734ff9460162","SV2a","127","normal|reverse_holo","No face returned by set API. Exact-printing manifest could not be read; verify existing approved assets before manual sourcing."
"fe90d5fb-1954-4376-a1d2-70d034c96d65","0c880f0f-cf60-4d39-a073-412434fad5bc|87487b3a-bb73-4e03-bb81-1d720d6a7fdc","pokemon:zh-tw:3c0c1ae1-7d62-4384-97f1-734ff9460162:128:reverse_holo|pokemon:zh-tw:3c0c1ae1-7d62-4384-97f1-734ff9460162:128:normal","zh-tw","3c0c1ae1-7d62-4384-97f1-734ff9460162","SV2a","128","reverse_holo|normal","No face returned by set API. Exact-printing manifest could not be read; verify existing approved assets before manual sourcing."
"d4a0b1c7-ee44-40e4-a32b-5da857598b48","2b360031-34f4-45a1-b992-27efd6a45b1a|f74facc9-47c7-42d4-9e76-4a6e0d70bc42","pokemon:zh-tw:3c0c1ae1-7d62-4384-97f1-734ff9460162:129:normal|pokemon:zh-tw:3c0c1ae1-7d62-4384-97f1-734ff9460162:129:reverse_holo","zh-tw","3c0c1ae1-7d62-4384-97f1-734ff9460162","SV2a","129","normal|reverse_holo","No face returned by set API. Exact-printing manifest could not be read; verify existing approved assets before manual sourcing."
"d20b4f20-1038-483c-9fd1-17c4770255db","17d47709-4eb0-4df9-9b71-9c56f76632cf|2bf9ea2d-5452-497c-bca7-e0bacfb0504f","pokemon:zh-tw:3c0c1ae1-7d62-4384-97f1-734ff9460162:131:normal|pokemon:zh-tw:3c0c1ae1-7d62-4384-97f1-734ff9460162:131:reverse_holo","zh-tw","3c0c1ae1-7d62-4384-97f1-734ff9460162","SV2a","131","normal|reverse_holo","No face returned by set API. Exact-printing manifest could not be read; verify existing approved assets before manual sourcing."
"9034045f-6547-42fc-b948-c89f0430f592","0d2bcc0c-ebc5-421a-9889-9ccd7f4268c1|5169855c-0976-4601-8ced-63068c69eaf7","pokemon:zh-tw:3c0c1ae1-7d62-4384-97f1-734ff9460162:136:holo|pokemon:zh-tw:3c0c1ae1-7d62-4384-97f1-734ff9460162:136:reverse_holo","zh-tw","3c0c1ae1-7d62-4384-97f1-734ff9460162","SV2a","136","holo|reverse_holo","No face returned by set API. Exact-printing manifest could not be read; verify existing approved assets before manual sourcing."
"0160f4c3-2b55-4fb3-884f-cda11be8a3d5","0cda7bc6-ae30-42d1-b621-d99ab6079071|2cfda5e8-fe23-432d-a20e-e197b47ef17b","pokemon:zh-tw:3c0c1ae1-7d62-4384-97f1-734ff9460162:138:normal|pokemon:zh-tw:3c0c1ae1-7d62-4384-97f1-734ff9460162:138:reverse_holo","zh-tw","3c0c1ae1-7d62-4384-97f1-734ff9460162","SV2a","138","normal|reverse_holo","No face returned by set API. Exact-printing manifest could not be read; verify existing approved assets before manual sourcing."
"dfce1016-75fb-461d-81ba-6fda18f460d6","07af2830-8a98-4df2-8ad1-cb1d7eaee647|e5ab7fa9-1df1-4872-b572-3f9cabff4465","pokemon:zh-tw:3c0c1ae1-7d62-4384-97f1-734ff9460162:141:reverse_holo|pokemon:zh-tw:3c0c1ae1-7d62-4384-97f1-734ff9460162:141:holo","zh-tw","3c0c1ae1-7d62-4384-97f1-734ff9460162","SV2a","141","reverse_holo|holo","No face returned by set API. Exact-printing manifest could not be read; verify existing approved assets before manual sourcing."
"3ff07463-f877-42b9-b274-ff21199dc637","25c519da-b132-463d-9514-1a02158c1a9e|5a8a261a-9621-4469-b258-50e9612bf5f7","pokemon:zh-tw:3c0c1ae1-7d62-4384-97f1-734ff9460162:142:reverse_holo|pokemon:zh-tw:3c0c1ae1-7d62-4384-97f1-734ff9460162:142:holo","zh-tw","3c0c1ae1-7d62-4384-97f1-734ff9460162","SV2a","142","reverse_holo|holo","No face returned by set API. Exact-printing manifest could not be read; verify existing approved assets before manual sourcing."
"77c9520a-9cf3-42c4-8815-71ba2baa8086","1a3092e3-0e5d-4ae8-ad74-ede6c8928aee|8722da46-f394-48f6-83d8-a5066e8b711f","pokemon:zh-tw:3c0c1ae1-7d62-4384-97f1-734ff9460162:143:normal|pokemon:zh-tw:3c0c1ae1-7d62-4384-97f1-734ff9460162:143:reverse_holo","zh-tw","3c0c1ae1-7d62-4384-97f1-734ff9460162","SV2a","143","normal|reverse_holo","No face returned by set API. Exact-printing manifest could not be read; verify existing approved assets before manual sourcing."
"dc6ed84c-dc74-4ff7-a28e-afe296713fe6","14c788d5-cab3-48fa-86a9-23d18e5ecd3f|d195aa51-fc41-4977-80b1-1a334c4c327e","pokemon:zh-tw:3c0c1ae1-7d62-4384-97f1-734ff9460162:144:reverse_holo|pokemon:zh-tw:3c0c1ae1-7d62-4384-97f1-734ff9460162:144:holo","zh-tw","3c0c1ae1-7d62-4384-97f1-734ff9460162","SV2a","144","reverse_holo|holo","No face returned by set API. Exact-printing manifest could not be read; verify existing approved assets before manual sourcing."
"ec8bf8ea-993e-4b01-ae62-b1179c530fdf","22aa91d6-c6a7-4ab1-a2be-d9e855801d05","pokemon:zh-tw:3c0c1ae1-7d62-4384-97f1-734ff9460162:145:holo","zh-tw","3c0c1ae1-7d62-4384-97f1-734ff9460162","SV2a","145","holo","No face returned by set API. Exact-printing manifest could not be read; verify existing approved assets before manual sourcing."
"b0562a95-9a33-41a2-9974-b44d25cd3bdb","24b9854f-9900-46b8-9044-e4d73f914765|d064bc8d-e148-4718-a8b0-656e9476ca25","pokemon:zh-tw:3c0c1ae1-7d62-4384-97f1-734ff9460162:146:holo|pokemon:zh-tw:3c0c1ae1-7d62-4384-97f1-734ff9460162:146:reverse_holo","zh-tw","3c0c1ae1-7d62-4384-97f1-734ff9460162","SV2a","146","holo|reverse_holo","No face returned by set API. Exact-printing manifest could not be read; verify existing approved assets before manual sourcing."
"5104e5aa-e311-4359-a2e9-dcf18a96e663","346dc4b4-ba2b-4ef0-af49-dcf0f41e4ec3|9853575c-92c9-46e3-b050-5b64175d65a3","pokemon:zh-tw:3c0c1ae1-7d62-4384-97f1-734ff9460162:153:reverse_holo|pokemon:zh-tw:3c0c1ae1-7d62-4384-97f1-734ff9460162:153:normal","zh-tw","3c0c1ae1-7d62-4384-97f1-734ff9460162","SV2a","153","reverse_holo|normal","No face returned by set API. Exact-printing manifest could not be read; verify existing approved assets before manual sourcing."
"3f291979-7b04-4634-a8e4-5ed5d830eb38","0fcd4847-4e9d-4052-b7b2-3dd95bce9d15|5b0098d1-4f2b-48ae-b9e0-8c71c60f84a3","pokemon:zh-tw:3c0c1ae1-7d62-4384-97f1-734ff9460162:154:normal|pokemon:zh-tw:3c0c1ae1-7d62-4384-97f1-734ff9460162:154:reverse_holo","zh-tw","3c0c1ae1-7d62-4384-97f1-734ff9460162","SV2a","154","normal|reverse_holo","No face returned by set API. Exact-printing manifest could not be read; verify existing approved assets before manual sourcing."
"a28efafb-9a22-4f46-b2aa-8cbbe68b6082","1ad59dba-32e2-4347-8d44-c12680607e86|920d0e8e-c613-4ea1-ab6a-43cc644d9509","pokemon:zh-tw:3c0c1ae1-7d62-4384-97f1-734ff9460162:156:reverse_holo|pokemon:zh-tw:3c0c1ae1-7d62-4384-97f1-734ff9460162:156:normal","zh-tw","3c0c1ae1-7d62-4384-97f1-734ff9460162","SV2a","156","reverse_holo|normal","No face returned by set API. Exact-printing manifest could not be read; verify existing approved assets before manual sourcing."
"bc303582-fa6d-43ae-abba-1dbb63df163d","2188916d-d222-462f-81a1-2fbb5bbb7236|4230d537-b8b5-470a-b5cf-52ab8249fb1c","pokemon:zh-tw:3c0c1ae1-7d62-4384-97f1-734ff9460162:157:normal|pokemon:zh-tw:3c0c1ae1-7d62-4384-97f1-734ff9460162:157:reverse_holo","zh-tw","3c0c1ae1-7d62-4384-97f1-734ff9460162","SV2a","157","normal|reverse_holo","No face returned by set API. Exact-printing manifest could not be read; verify existing approved assets before manual sourcing."
"74436e10-0980-4810-b852-43430b9aa332","066672b6-854f-4715-b3a6-70ef5df1f2b9|19fd550b-4a1f-4c2e-80e5-a4ba3dd575b0","pokemon:zh-tw:3c0c1ae1-7d62-4384-97f1-734ff9460162:159:reverse_holo|pokemon:zh-tw:3c0c1ae1-7d62-4384-97f1-734ff9460162:159:normal","zh-tw","3c0c1ae1-7d62-4384-97f1-734ff9460162","SV2a","159","reverse_holo|normal","No face returned by set API. Exact-printing manifest could not be read; verify existing approved assets before manual sourcing."
"745eaa62-b9f2-454a-8f67-086a43c6833e","0d76bcb8-b694-46c8-a42e-84d238285f19|30f671c3-6775-4c5f-8360-9836ee76f06c","pokemon:zh-tw:3c0c1ae1-7d62-4384-97f1-734ff9460162:161:reverse_holo|pokemon:zh-tw:3c0c1ae1-7d62-4384-97f1-734ff9460162:161:normal","zh-tw","3c0c1ae1-7d62-4384-97f1-734ff9460162","SV2a","161","reverse_holo|normal","No face returned by set API. Exact-printing manifest could not be read; verify existing approved assets before manual sourcing."
"cdc6aaf2-08c7-4d5b-ba77-55ee42473968","023bb363-45f4-46c3-ad18-7f8be89761c7|ce9eff77-d018-4fa1-bce8-ee93b8334b36","pokemon:zh-tw:3c0c1ae1-7d62-4384-97f1-734ff9460162:162:normal|pokemon:zh-tw:3c0c1ae1-7d62-4384-97f1-734ff9460162:162:reverse_holo","zh-tw","3c0c1ae1-7d62-4384-97f1-734ff9460162","SV2a","162","normal|reverse_holo","No face returned by set API. Exact-printing manifest could not be read; verify existing approved assets before manual sourcing."
"4ffcbd71-586f-402d-a0b5-80ab49291444","072f3afd-7a91-40f0-8755-d9b8a1f11a21|450435b3-59e9-41ae-9ec4-9601f67c5e13","pokemon:zh-tw:3c0c1ae1-7d62-4384-97f1-734ff9460162:163:normal|pokemon:zh-tw:3c0c1ae1-7d62-4384-97f1-734ff9460162:163:reverse_holo","zh-tw","3c0c1ae1-7d62-4384-97f1-734ff9460162","SV2a","163","normal|reverse_holo","No face returned by set API. Exact-printing manifest could not be read; verify existing approved assets before manual sourcing."
"fc70c09c-df7f-4024-b24d-e14aa7d64bd7","2d18a769-899b-4df7-966c-1ce9585f7f14","pokemon:zh-tw:3c0c1ae1-7d62-4384-97f1-734ff9460162:168:holo","zh-tw","3c0c1ae1-7d62-4384-97f1-734ff9460162","SV2a","168","holo","No face returned by set API. Exact-printing manifest could not be read; verify existing approved assets before manual sourcing."
"a588f313-87db-4391-b87b-2921e8972169","0c6df755-3a70-481a-b1e9-f29cfcd4405c","pokemon:zh-tw:3c0c1ae1-7d62-4384-97f1-734ff9460162:169:holo","zh-tw","3c0c1ae1-7d62-4384-97f1-734ff9460162","SV2a","169","holo","No face returned by set API. Exact-printing manifest could not be read; verify existing approved assets before manual sourcing."
"4ececab5-bd8f-43d2-b2ef-f842631c9dd2","182e025a-dffd-4eba-aff4-bac89795c126","pokemon:zh-tw:3c0c1ae1-7d62-4384-97f1-734ff9460162:171:holo","zh-tw","3c0c1ae1-7d62-4384-97f1-734ff9460162","SV2a","171","holo","No face returned by set API. Exact-printing manifest could not be read; verify existing approved assets before manual sourcing."
"dfb5cbde-2097-4a03-9b53-5e5fb10f91e5","1fc9e3fe-7d2d-4534-ad14-5c7a9f30412e","pokemon:zh-tw:3c0c1ae1-7d62-4384-97f1-734ff9460162:172:holo","zh-tw","3c0c1ae1-7d62-4384-97f1-734ff9460162","SV2a","172","holo","No face returned by set API. Exact-printing manifest could not be read; verify existing approved assets before manual sourcing."
"0c13472b-4c12-4c9c-8d94-87e5d026ecfa","2d523364-a16c-40b3-b3da-d9ac8a76ec6a","pokemon:zh-tw:3c0c1ae1-7d62-4384-97f1-734ff9460162:175:holo","zh-tw","3c0c1ae1-7d62-4384-97f1-734ff9460162","SV2a","175","holo","No face returned by set API. Exact-printing manifest could not be read; verify existing approved assets before manual sourcing."
"fa711990-8baf-4658-82b7-f93cd9a7e1ae","16736adb-81bc-4af8-93ca-d07004524c1f","pokemon:zh-tw:3c0c1ae1-7d62-4384-97f1-734ff9460162:182:holo","zh-tw","3c0c1ae1-7d62-4384-97f1-734ff9460162","SV2a","182","holo","No face returned by set API. Exact-printing manifest could not be read; verify existing approved assets before manual sourcing."
"4e64f4da-4597-48d9-bf5d-50904684ae9a","0bd2e2c2-0563-4381-9894-2ee7b65110d3","pokemon:zh-tw:3c0c1ae1-7d62-4384-97f1-734ff9460162:188:holo","zh-tw","3c0c1ae1-7d62-4384-97f1-734ff9460162","SV2a","188","holo","No face returned by set API. Exact-printing manifest could not be read; verify existing approved assets before manual sourcing."
"35f00ec4-805d-4792-a466-0c0556cbefd9","19b0ef95-d490-4b4c-8e78-949e2a6b6187","pokemon:zh-tw:3c0c1ae1-7d62-4384-97f1-734ff9460162:189:holo","zh-tw","3c0c1ae1-7d62-4384-97f1-734ff9460162","SV2a","189","holo","No face returned by set API. Exact-printing manifest could not be read; verify existing approved assets before manual sourcing."
"049fab90-db19-41b8-affd-7f5a98fd380c","07d39df0-4dc3-4c70-8174-0148af0351d8","pokemon:zh-tw:3c0c1ae1-7d62-4384-97f1-734ff9460162:198:holo","zh-tw","3c0c1ae1-7d62-4384-97f1-734ff9460162","SV2a","198","holo","No face returned by set API. Exact-printing manifest could not be read; verify existing approved assets before manual sourcing."
"6b977abd-951b-441f-bdf5-b6423233451e","027f590b-189d-4d25-8a80-c9e92feb8090","pokemon:zh-tw:3c0c1ae1-7d62-4384-97f1-734ff9460162:200:holo","zh-tw","3c0c1ae1-7d62-4384-97f1-734ff9460162","SV2a","200","holo","No face returned by set API. Exact-printing manifest could not be read; verify existing approved assets before manual sourcing."
"87465d50-7990-4240-b564-7b94a5787920","2f776f25-1a1e-4809-8f67-58a5fc18d9cb","pokemon:zh-tw:3c0c1ae1-7d62-4384-97f1-734ff9460162:203:holo","zh-tw","3c0c1ae1-7d62-4384-97f1-734ff9460162","SV2a","203","holo","No face returned by set API. Exact-printing manifest could not be read; verify existing approved assets before manual sourcing."
"64fd843f-c8b8-4a7b-a3ad-0bf7cb77df47","86b3bdcf-6d1b-4bac-a7e4-ae4763644f3d|f0cabb0d-216d-4f4f-ad91-4dba655fa0be","pokemon:zh-tw:3c0c1ae1-7d62-4384-97f1-734ff9460162:021:normal|pokemon:zh-tw:3c0c1ae1-7d62-4384-97f1-734ff9460162:021:reverse_holo","zh-tw","3c0c1ae1-7d62-4384-97f1-734ff9460162","SV2a","021","normal|reverse_holo","No face returned by set API. Exact-printing manifest could not be read; verify existing approved assets before manual sourcing."
"dd07ed02-a786-4f46-a225-ece0f09bc4c3","761b5cce-9c89-41b1-979e-7bec9579690a","pokemon:zh-tw:3c0c1ae1-7d62-4384-97f1-734ff9460162:024:holo","zh-tw","3c0c1ae1-7d62-4384-97f1-734ff9460162","SV2a","024","holo","No face returned by set API. Exact-printing manifest could not be read; verify existing approved assets before manual sourcing."
"69549310-bf79-4cb4-8c32-545fcb720a15","56409f79-1128-42c0-8f55-03ab6a1a7ffb|731471cc-56ac-47e5-9bc1-79b267bae8a3","pokemon:zh-tw:3c0c1ae1-7d62-4384-97f1-734ff9460162:026:reverse_holo|pokemon:zh-tw:3c0c1ae1-7d62-4384-97f1-734ff9460162:026:holo","zh-tw","3c0c1ae1-7d62-4384-97f1-734ff9460162","SV2a","026","reverse_holo|holo","No face returned by set API. Exact-printing manifest could not be read; verify existing approved assets before manual sourcing."
"aea3c4d6-5a00-427f-8acc-fa4120c4392c","508fa9d6-8dc0-42bf-8b01-d4e6649d55e2|5117cd1c-0a66-4de1-aa85-f05e694e84d3","pokemon:zh-tw:3c0c1ae1-7d62-4384-97f1-734ff9460162:027:reverse_holo|pokemon:zh-tw:3c0c1ae1-7d62-4384-97f1-734ff9460162:027:normal","zh-tw","3c0c1ae1-7d62-4384-97f1-734ff9460162","SV2a","027","reverse_holo|normal","No face returned by set API. Exact-printing manifest could not be read; verify existing approved assets before manual sourcing."
"341b434b-41d8-4f8d-9e67-3bdf00fd2ac3","7b845af8-d589-459e-b219-fbf4fb98052a|b2b2002e-f6b3-45ed-9b34-529afe675a78","pokemon:zh-tw:3c0c1ae1-7d62-4384-97f1-734ff9460162:030:normal|pokemon:zh-tw:3c0c1ae1-7d62-4384-97f1-734ff9460162:030:reverse_holo","zh-tw","3c0c1ae1-7d62-4384-97f1-734ff9460162","SV2a","030","normal|reverse_holo","No face returned by set API. Exact-printing manifest could not be read; verify existing approved assets before manual sourcing."
"7e48f629-cf84-4b56-8461-8b642b5031c7","8135c10f-39de-41e8-969d-17feb3f2eb4a|ef6546d0-aa8d-4073-9b0a-f3e9df4d16ca","pokemon:zh-tw:3c0c1ae1-7d62-4384-97f1-734ff9460162:036:reverse_holo|pokemon:zh-tw:3c0c1ae1-7d62-4384-97f1-734ff9460162:036:normal","zh-tw","3c0c1ae1-7d62-4384-97f1-734ff9460162","SV2a","036","reverse_holo|normal","No face returned by set API. Exact-printing manifest could not be read; verify existing approved assets before manual sourcing."
"a7f2989a-10a9-4152-8d9c-e36a71037cd9","423e570d-42e3-4b25-9561-89cbae15754e|f33b781f-700a-4dff-87c7-a4141fd2fd1c","pokemon:zh-tw:3c0c1ae1-7d62-4384-97f1-734ff9460162:039:normal|pokemon:zh-tw:3c0c1ae1-7d62-4384-97f1-734ff9460162:039:reverse_holo","zh-tw","3c0c1ae1-7d62-4384-97f1-734ff9460162","SV2a","039","normal|reverse_holo","No face returned by set API. Exact-printing manifest could not be read; verify existing approved assets before manual sourcing."
"d9165ad9-b454-413e-b41c-811213b3939b","4dca8c02-7378-4262-970b-e3e82019a636|bed57378-475b-41ce-83b0-f91320e0c929","pokemon:zh-tw:3c0c1ae1-7d62-4384-97f1-734ff9460162:041:normal|pokemon:zh-tw:3c0c1ae1-7d62-4384-97f1-734ff9460162:041:reverse_holo","zh-tw","3c0c1ae1-7d62-4384-97f1-734ff9460162","SV2a","041","normal|reverse_holo","No face returned by set API. Exact-printing manifest could not be read; verify existing approved assets before manual sourcing."
"5e712b76-a0c0-4c1a-8f55-a694042ef0a6","43568e1a-42c3-4c68-a425-e6b5e3e3ce18|b0e2f1db-79cb-45ff-b7fc-e45c15c60ae4","pokemon:zh-tw:3c0c1ae1-7d62-4384-97f1-734ff9460162:047:reverse_holo|pokemon:zh-tw:3c0c1ae1-7d62-4384-97f1-734ff9460162:047:normal","zh-tw","3c0c1ae1-7d62-4384-97f1-734ff9460162","SV2a","047","reverse_holo|normal","No face returned by set API. Exact-printing manifest could not be read; verify existing approved assets before manual sourcing."
"3388de4b-f40d-4641-bfdb-51b220acdef9","497a254a-77ea-462f-90cd-5081456493fb|d52c4f68-98b9-498a-992b-be0ba3a70473","pokemon:zh-tw:3c0c1ae1-7d62-4384-97f1-734ff9460162:051:normal|pokemon:zh-tw:3c0c1ae1-7d62-4384-97f1-734ff9460162:051:reverse_holo","zh-tw","3c0c1ae1-7d62-4384-97f1-734ff9460162","SV2a","051","normal|reverse_holo","No face returned by set API. Exact-printing manifest could not be read; verify existing approved assets before manual sourcing."
"4ca22448-00c7-4135-ad89-e5d37ebb1290","56c04b00-e1ea-497b-8fa4-cba2adadbd00|ee0b36e2-eb58-4950-92f6-3b1876554dd8","pokemon:zh-tw:3c0c1ae1-7d62-4384-97f1-734ff9460162:056:normal|pokemon:zh-tw:3c0c1ae1-7d62-4384-97f1-734ff9460162:056:reverse_holo","zh-tw","3c0c1ae1-7d62-4384-97f1-734ff9460162","SV2a","056","normal|reverse_holo","No face returned by set API. Exact-printing manifest could not be read; verify existing approved assets before manual sourcing."
"fbeab9a2-ca86-4391-a037-4102fe255b51","5a814ef2-97ca-4ec0-854a-792786c6ba3c|5ac516ad-f563-41d1-9487-91694b7af83c","pokemon:zh-tw:3c0c1ae1-7d62-4384-97f1-734ff9460162:057:normal|pokemon:zh-tw:3c0c1ae1-7d62-4384-97f1-734ff9460162:057:reverse_holo","zh-tw","3c0c1ae1-7d62-4384-97f1-734ff9460162","SV2a","057","normal|reverse_holo","No face returned by set API. Exact-printing manifest could not be read; verify existing approved assets before manual sourcing."
"22ba9e89-0028-45a6-afc2-8cfa876c9432","5a71b26f-e373-4b85-9d98-ecdbc97249ff|7ed4502c-caf0-419e-a898-d0513edb3235","pokemon:zh-tw:3c0c1ae1-7d62-4384-97f1-734ff9460162:059:reverse_holo|pokemon:zh-tw:3c0c1ae1-7d62-4384-97f1-734ff9460162:059:normal","zh-tw","3c0c1ae1-7d62-4384-97f1-734ff9460162","SV2a","059","reverse_holo|normal","No face returned by set API. Exact-printing manifest could not be read; verify existing approved assets before manual sourcing."
"72fea26c-1ab3-4848-9f03-db5fe6769a12","84025fc2-2161-4aca-9aba-55fe8cd0f28f|e4f303ab-59d6-4b52-946e-5c9d9c25794f","pokemon:zh-tw:3c0c1ae1-7d62-4384-97f1-734ff9460162:070:reverse_holo|pokemon:zh-tw:3c0c1ae1-7d62-4384-97f1-734ff9460162:070:normal","zh-tw","3c0c1ae1-7d62-4384-97f1-734ff9460162","SV2a","070","reverse_holo|normal","No face returned by set API. Exact-printing manifest could not be read; verify existing approved assets before manual sourcing."
"8bace6fe-90cd-4bf3-8fc7-6cacfef77b81","56906fef-c8fb-4c99-a30b-73286cc23a91|beeb3bbb-8001-4dca-824c-3b1fc24c9647","pokemon:zh-tw:3c0c1ae1-7d62-4384-97f1-734ff9460162:074:reverse_holo|pokemon:zh-tw:3c0c1ae1-7d62-4384-97f1-734ff9460162:074:normal","zh-tw","3c0c1ae1-7d62-4384-97f1-734ff9460162","SV2a","074","reverse_holo|normal","No face returned by set API. Exact-printing manifest could not be read; verify existing approved assets before manual sourcing."
"bcefb7c2-27eb-4ab9-b7df-19502bd48248","7a8018b1-a0d1-4e48-9bed-a4a204df2798|a3689280-fc7c-445d-8974-a317f69a72f4","pokemon:zh-tw:3c0c1ae1-7d62-4384-97f1-734ff9460162:075:normal|pokemon:zh-tw:3c0c1ae1-7d62-4384-97f1-734ff9460162:075:reverse_holo","zh-tw","3c0c1ae1-7d62-4384-97f1-734ff9460162","SV2a","075","normal|reverse_holo","No face returned by set API. Exact-printing manifest could not be read; verify existing approved assets before manual sourcing."
"eb9d6aa4-af0e-4c16-a7dd-92c4749b8630","8555be25-888a-4807-8f4a-573b52c5ffaf|b6eb4cbb-194a-428b-b1cd-ea7230cd46b6","pokemon:zh-tw:3c0c1ae1-7d62-4384-97f1-734ff9460162:078:reverse_holo|pokemon:zh-tw:3c0c1ae1-7d62-4384-97f1-734ff9460162:078:normal","zh-tw","3c0c1ae1-7d62-4384-97f1-734ff9460162","SV2a","078","reverse_holo|normal","No face returned by set API. Exact-printing manifest could not be read; verify existing approved assets before manual sourcing."
"33500a8f-5afe-41f7-b04f-016360045130","4f3d6835-8668-4c73-98f3-a9d97ca9d1dd|6d5e9f33-9034-4ba8-bc83-114ec828134b","pokemon:zh-tw:3c0c1ae1-7d62-4384-97f1-734ff9460162:080:reverse_holo|pokemon:zh-tw:3c0c1ae1-7d62-4384-97f1-734ff9460162:080:normal","zh-tw","3c0c1ae1-7d62-4384-97f1-734ff9460162","SV2a","080","reverse_holo|normal","No face returned by set API. Exact-printing manifest could not be read; verify existing approved assets before manual sourcing."
"dcdf8934-0363-46da-abe9-27b674a7a2b7","54c2c97d-b9a1-4ee0-8eaf-4c003cde48a2|f95c9f5f-b3c0-4d1f-9034-612f7e5c3cec","pokemon:zh-tw:3c0c1ae1-7d62-4384-97f1-734ff9460162:083:normal|pokemon:zh-tw:3c0c1ae1-7d62-4384-97f1-734ff9460162:083:reverse_holo","zh-tw","3c0c1ae1-7d62-4384-97f1-734ff9460162","SV2a","083","normal|reverse_holo","No face returned by set API. Exact-printing manifest could not be read; verify existing approved assets before manual sourcing."
"bf7ce384-2688-476a-8207-bb54ff824493","7f945a01-420b-463d-8ca2-59933e253ef4|ef71cd19-f415-474d-8ba5-e98b966995b2","pokemon:zh-tw:3c0c1ae1-7d62-4384-97f1-734ff9460162:089:normal|pokemon:zh-tw:3c0c1ae1-7d62-4384-97f1-734ff9460162:089:reverse_holo","zh-tw","3c0c1ae1-7d62-4384-97f1-734ff9460162","SV2a","089","normal|reverse_holo","No face returned by set API. Exact-printing manifest could not be read; verify existing approved assets before manual sourcing."
"a685d208-3e4f-46b6-a06a-659c1c241924","7256b743-0e0c-4ba7-aa14-81a808eb661e|d32e2cf8-6e7e-4625-945c-af603a8b98a8","pokemon:zh-tw:3c0c1ae1-7d62-4384-97f1-734ff9460162:091:reverse_holo|pokemon:zh-tw:3c0c1ae1-7d62-4384-97f1-734ff9460162:091:normal","zh-tw","3c0c1ae1-7d62-4384-97f1-734ff9460162","SV2a","091","reverse_holo|normal","No face returned by set API. Exact-printing manifest could not be read; verify existing approved assets before manual sourcing."
"20f7bd7a-6869-4843-b02d-b1e6faec6f10","7dde5e78-1a16-4940-ab04-0a5de79e0ab1|afa5717d-29a4-48ef-a0d3-16de154ddcad","pokemon:zh-tw:3c0c1ae1-7d62-4384-97f1-734ff9460162:094:holo|pokemon:zh-tw:3c0c1ae1-7d62-4384-97f1-734ff9460162:094:reverse_holo","zh-tw","3c0c1ae1-7d62-4384-97f1-734ff9460162","SV2a","094","holo|reverse_holo","No face returned by set API. Exact-printing manifest could not be read; verify existing approved assets before manual sourcing."
"095485bf-9f7a-4e3e-a6d8-08acb64e4e86","4be7a600-467a-4d47-8286-9ad68621f8cb|5ea8ff7d-05d1-4494-bc1a-34a0d4d57542","pokemon:zh-tw:3c0c1ae1-7d62-4384-97f1-734ff9460162:095:reverse_holo|pokemon:zh-tw:3c0c1ae1-7d62-4384-97f1-734ff9460162:095:normal","zh-tw","3c0c1ae1-7d62-4384-97f1-734ff9460162","SV2a","095","reverse_holo|normal","No face returned by set API. Exact-printing manifest could not be read; verify existing approved assets before manual sourcing."
"a4d94405-8d3f-42b8-a525-c6eda248253d","6c959c56-9675-4a0f-84f0-360eaa29d196|b55d8f90-f9ec-4b36-a02d-5ecce7de26c6","pokemon:zh-tw:3c0c1ae1-7d62-4384-97f1-734ff9460162:096:normal|pokemon:zh-tw:3c0c1ae1-7d62-4384-97f1-734ff9460162:096:reverse_holo","zh-tw","3c0c1ae1-7d62-4384-97f1-734ff9460162","SV2a","096","normal|reverse_holo","No face returned by set API. Exact-printing manifest could not be read; verify existing approved assets before manual sourcing."
"42054ee3-85c2-43ec-bca3-988a63f33704","783fab59-33ce-4ec6-8a97-0fc40058eb60|94c4070b-66e9-400e-a85f-c76b5c0eb7d5","pokemon:zh-tw:3c0c1ae1-7d62-4384-97f1-734ff9460162:102:reverse_holo|pokemon:zh-tw:3c0c1ae1-7d62-4384-97f1-734ff9460162:102:normal","zh-tw","3c0c1ae1-7d62-4384-97f1-734ff9460162","SV2a","102","reverse_holo|normal","No face returned by set API. Exact-printing manifest could not be read; verify existing approved assets before manual sourcing."
"36f4be0f-45e2-4324-8883-0e695ca54509","80a16966-9240-44cc-a04a-661702edbdc1|e43ab53a-b98b-4ea2-be16-d6a45f8945ab","pokemon:zh-tw:3c0c1ae1-7d62-4384-97f1-734ff9460162:103:reverse_holo|pokemon:zh-tw:3c0c1ae1-7d62-4384-97f1-734ff9460162:103:normal","zh-tw","3c0c1ae1-7d62-4384-97f1-734ff9460162","SV2a","103","reverse_holo|normal","No face returned by set API. Exact-printing manifest could not be read; verify existing approved assets before manual sourcing."
"e5624a7c-4a05-44b2-bb22-fc9c79451ad2","5b64f181-80b4-4ddb-b80f-dea5fb5eeeca|df1c5047-2a88-48eb-907c-8e2a20f1c070","pokemon:zh-tw:3c0c1ae1-7d62-4384-97f1-734ff9460162:105:holo|pokemon:zh-tw:3c0c1ae1-7d62-4384-97f1-734ff9460162:105:reverse_holo","zh-tw","3c0c1ae1-7d62-4384-97f1-734ff9460162","SV2a","105","holo|reverse_holo","No face returned by set API. Exact-printing manifest could not be read; verify existing approved assets before manual sourcing."
"2566babe-2d46-457f-ae89-85040b9ba8ae","3f930a0b-4df2-4401-bde4-87336d8fd6d7|db7894ac-dc8b-47ba-a1c8-59fcc3019004","pokemon:zh-tw:3c0c1ae1-7d62-4384-97f1-734ff9460162:107:reverse_holo|pokemon:zh-tw:3c0c1ae1-7d62-4384-97f1-734ff9460162:107:normal","zh-tw","3c0c1ae1-7d62-4384-97f1-734ff9460162","SV2a","107","reverse_holo|normal","No face returned by set API. Exact-printing manifest could not be read; verify existing approved assets before manual sourcing."
"fa3a385d-35d1-4faa-9ce9-28b4044702af","7f7cd6ae-51a5-4901-8b18-7d17a835ae76|d5aaf07d-f431-41b1-a5a5-d0164c26887b","pokemon:zh-tw:3c0c1ae1-7d62-4384-97f1-734ff9460162:109:normal|pokemon:zh-tw:3c0c1ae1-7d62-4384-97f1-734ff9460162:109:reverse_holo","zh-tw","3c0c1ae1-7d62-4384-97f1-734ff9460162","SV2a","109","normal|reverse_holo","No face returned by set API. Exact-printing manifest could not be read; verify existing approved assets before manual sourcing."
"867c29f1-e04e-4d42-9c35-920c1722607e","42012dfa-7904-4ff0-833e-104d1701aa2b|4d23b06a-720f-4831-9347-9c96e848a1a8","pokemon:zh-tw:3c0c1ae1-7d62-4384-97f1-734ff9460162:110:holo|pokemon:zh-tw:3c0c1ae1-7d62-4384-97f1-734ff9460162:110:reverse_holo","zh-tw","3c0c1ae1-7d62-4384-97f1-734ff9460162","SV2a","110","holo|reverse_holo","No face returned by set API. Exact-printing manifest could not be read; verify existing approved assets before manual sourcing."
"c050a72e-e092-4f1c-8e42-489003f382cd","6fbf5ba6-824d-4c03-83a3-b40b7cebfc7a|88dc19f3-4791-4dba-ab2b-457fcc903fd0","pokemon:zh-tw:3c0c1ae1-7d62-4384-97f1-734ff9460162:117:normal|pokemon:zh-tw:3c0c1ae1-7d62-4384-97f1-734ff9460162:117:reverse_holo","zh-tw","3c0c1ae1-7d62-4384-97f1-734ff9460162","SV2a","117","normal|reverse_holo","No face returned by set API. Exact-printing manifest could not be read; verify existing approved assets before manual sourcing."
"102a6366-3b03-477d-8e10-ff8f6ce7868f","7f044906-1e44-45a8-a981-1d772031c05a|d5f7de57-b2b3-4819-a8c9-0a5fabcde1e3","pokemon:zh-tw:3c0c1ae1-7d62-4384-97f1-734ff9460162:119:reverse_holo|pokemon:zh-tw:3c0c1ae1-7d62-4384-97f1-734ff9460162:119:normal","zh-tw","3c0c1ae1-7d62-4384-97f1-734ff9460162","SV2a","119","reverse_holo|normal","No face returned by set API. Exact-printing manifest could not be read; verify existing approved assets before manual sourcing."
"391543ec-cdd6-4215-bf04-2e12510e2f00","73fa5379-09f8-43fd-b3b3-5569eb40ba4c|e024b574-cc2d-42e3-98a5-23581adec26f","pokemon:zh-tw:3c0c1ae1-7d62-4384-97f1-734ff9460162:122:holo|pokemon:zh-tw:3c0c1ae1-7d62-4384-97f1-734ff9460162:122:reverse_holo","zh-tw","3c0c1ae1-7d62-4384-97f1-734ff9460162","SV2a","122","holo|reverse_holo","No face returned by set API. Exact-printing manifest could not be read; verify existing approved assets before manual sourcing."
"5530718b-a84d-4bf0-8ba9-b37818903110","42509b4c-8104-46a0-bbc2-cb739477d891","pokemon:zh-tw:3c0c1ae1-7d62-4384-97f1-734ff9460162:124:holo","zh-tw","3c0c1ae1-7d62-4384-97f1-734ff9460162","SV2a","124","holo","No face returned by set API. Exact-printing manifest could not be read; verify existing approved assets before manual sourcing."
"1e3103e1-dd4b-453f-b43e-18d58f4c2b2c","41a1b0ad-f54e-4bf6-b63d-36582d620aae|f2cb771e-b371-4e29-ba01-0395c1e4ecc9","pokemon:zh-tw:3c0c1ae1-7d62-4384-97f1-734ff9460162:130:reverse_holo|pokemon:zh-tw:3c0c1ae1-7d62-4384-97f1-734ff9460162:130:holo","zh-tw","3c0c1ae1-7d62-4384-97f1-734ff9460162","SV2a","130","reverse_holo|holo","No face returned by set API. Exact-printing manifest could not be read; verify existing approved assets before manual sourcing."
"33af2423-fe5e-4960-a44d-0e3085b2d59d","4e8ba217-5b74-47d4-8c5c-cce033b79927|b3ceb978-96ba-4615-ae6e-23b700948e48","pokemon:zh-tw:3c0c1ae1-7d62-4384-97f1-734ff9460162:132:holo|pokemon:zh-tw:3c0c1ae1-7d62-4384-97f1-734ff9460162:132:reverse_holo","zh-tw","3c0c1ae1-7d62-4384-97f1-734ff9460162","SV2a","132","holo|reverse_holo","No face returned by set API. Exact-printing manifest could not be read; verify existing approved assets before manual sourcing."
"95caf22b-fa20-428f-902c-b84005fb0ccb","603691a8-7820-47bd-9746-b1fab192b0b5|bbeae9a3-b292-4c45-8e99-74fbffeb36e1","pokemon:zh-tw:3c0c1ae1-7d62-4384-97f1-734ff9460162:133:reverse_holo|pokemon:zh-tw:3c0c1ae1-7d62-4384-97f1-734ff9460162:133:normal","zh-tw","3c0c1ae1-7d62-4384-97f1-734ff9460162","SV2a","133","reverse_holo|normal","No face returned by set API. Exact-printing manifest could not be read; verify existing approved assets before manual sourcing."
"ba55ea63-1a73-4b22-982f-579804e89cfa","4e4e0f5f-446a-4cf8-a72c-edb686f76f05|6b7b3040-83bc-464c-8330-f5c163516e19","pokemon:zh-tw:3c0c1ae1-7d62-4384-97f1-734ff9460162:134:holo|pokemon:zh-tw:3c0c1ae1-7d62-4384-97f1-734ff9460162:134:reverse_holo","zh-tw","3c0c1ae1-7d62-4384-97f1-734ff9460162","SV2a","134","holo|reverse_holo","No face returned by set API. Exact-printing manifest could not be read; verify existing approved assets before manual sourcing."
"9116ecdb-8497-4691-bf02-01711c3c173c","78010eed-89e2-4ece-a014-01440c9a67c3|b20370b7-059e-40c4-b24f-cfb8ed534562","pokemon:zh-tw:3c0c1ae1-7d62-4384-97f1-734ff9460162:137:normal|pokemon:zh-tw:3c0c1ae1-7d62-4384-97f1-734ff9460162:137:reverse_holo","zh-tw","3c0c1ae1-7d62-4384-97f1-734ff9460162","SV2a","137","normal|reverse_holo","No face returned by set API. Exact-printing manifest could not be read; verify existing approved assets before manual sourcing."
"627e34b4-36ce-4efc-9fc0-c5a2ad562f57","44c00d5e-9877-431f-a6f7-54a0b83bbb44|9c19cacb-6cb5-4f2b-906c-e96ac1e64274","pokemon:zh-tw:3c0c1ae1-7d62-4384-97f1-734ff9460162:139:holo|pokemon:zh-tw:3c0c1ae1-7d62-4384-97f1-734ff9460162:139:reverse_holo","zh-tw","3c0c1ae1-7d62-4384-97f1-734ff9460162","SV2a","139","holo|reverse_holo","No face returned by set API. Exact-printing manifest could not be read; verify existing approved assets before manual sourcing."
"28d9b4c1-9792-422f-855e-321fb4a6478e","464119ae-f915-4ffe-9898-301cb4051237|fe6ab527-5c11-4266-ac4f-09d690bd3ec5","pokemon:zh-tw:3c0c1ae1-7d62-4384-97f1-734ff9460162:148:reverse_holo|pokemon:zh-tw:3c0c1ae1-7d62-4384-97f1-734ff9460162:148:normal","zh-tw","3c0c1ae1-7d62-4384-97f1-734ff9460162","SV2a","148","reverse_holo|normal","No face returned by set API. Exact-printing manifest could not be read; verify existing approved assets before manual sourcing."
"e521be08-fc36-4b5d-92e7-9751ad8e2a88","3e02b543-e0b7-49fc-a8ec-4681030286cd|6035dcd5-025a-455d-8d1e-94ef4a2400e9","pokemon:zh-tw:3c0c1ae1-7d62-4384-97f1-734ff9460162:149:reverse_holo|pokemon:zh-tw:3c0c1ae1-7d62-4384-97f1-734ff9460162:149:holo","zh-tw","3c0c1ae1-7d62-4384-97f1-734ff9460162","SV2a","149","reverse_holo|holo","No face returned by set API. Exact-printing manifest could not be read; verify existing approved assets before manual sourcing."
"1d2dd2dd-b37a-44e9-af56-5dd751920556","69481b04-1119-45a1-86c9-511f89f35244|ad7c4969-0247-4bcd-8514-df1ffde63d9c","pokemon:zh-tw:3c0c1ae1-7d62-4384-97f1-734ff9460162:150:reverse_holo|pokemon:zh-tw:3c0c1ae1-7d62-4384-97f1-734ff9460162:150:holo","zh-tw","3c0c1ae1-7d62-4384-97f1-734ff9460162","SV2a","150","reverse_holo|holo","No face returned by set API. Exact-printing manifest could not be read; verify existing approved assets before manual sourcing."
"29489632-7423-47b8-aad0-5cf7349c35ed","41c3f576-3ba9-47ff-a8c2-e3942141ae27|d1cc7651-39b3-481a-85ba-893ff8f10ccf","pokemon:zh-tw:3c0c1ae1-7d62-4384-97f1-734ff9460162:152:normal|pokemon:zh-tw:3c0c1ae1-7d62-4384-97f1-734ff9460162:152:reverse_holo","zh-tw","3c0c1ae1-7d62-4384-97f1-734ff9460162","SV2a","152","normal|reverse_holo","No face returned by set API. Exact-printing manifest could not be read; verify existing approved assets before manual sourcing."
"f5defa7f-85fc-4890-8fff-cec066245278","5234d3ca-7574-4e8a-8921-464a8264a0d7|fa74d673-af8a-4086-8117-84cb6aef87ea","pokemon:zh-tw:3c0c1ae1-7d62-4384-97f1-734ff9460162:155:normal|pokemon:zh-tw:3c0c1ae1-7d62-4384-97f1-734ff9460162:155:reverse_holo","zh-tw","3c0c1ae1-7d62-4384-97f1-734ff9460162","SV2a","155","normal|reverse_holo","No face returned by set API. Exact-printing manifest could not be read; verify existing approved assets before manual sourcing."
"1ca8b781-2a89-4d70-869e-013a6a4a2f6a","4e828739-b2d2-4a72-ae5a-2798082dc44d|87498fb9-fd70-482b-a7a3-0e56c42c6218","pokemon:zh-tw:3c0c1ae1-7d62-4384-97f1-734ff9460162:160:normal|pokemon:zh-tw:3c0c1ae1-7d62-4384-97f1-734ff9460162:160:reverse_holo","zh-tw","3c0c1ae1-7d62-4384-97f1-734ff9460162","SV2a","160","normal|reverse_holo","No face returned by set API. Exact-printing manifest could not be read; verify existing approved assets before manual sourcing."
"d1700e43-ebcc-4016-89dc-5695dee577ce","40f3e1fd-8e86-4b69-8194-23b8e15500d1|e21ec788-5655-47d5-bd5a-26cecd277967","pokemon:zh-tw:3c0c1ae1-7d62-4384-97f1-734ff9460162:164:normal|pokemon:zh-tw:3c0c1ae1-7d62-4384-97f1-734ff9460162:164:reverse_holo","zh-tw","3c0c1ae1-7d62-4384-97f1-734ff9460162","SV2a","164","normal|reverse_holo","No face returned by set API. Exact-printing manifest could not be read; verify existing approved assets before manual sourcing."
"36d4351b-65bf-49b2-856d-9b3dd8ab8a66","5955ec4c-9d96-49b2-b4e4-b62107ab7baa|a0a34393-1c7a-425c-8129-86c41359cc3b","pokemon:zh-tw:3c0c1ae1-7d62-4384-97f1-734ff9460162:165:normal|pokemon:zh-tw:3c0c1ae1-7d62-4384-97f1-734ff9460162:165:reverse_holo","zh-tw","3c0c1ae1-7d62-4384-97f1-734ff9460162","SV2a","165","normal|reverse_holo","No face returned by set API. Exact-printing manifest could not be read; verify existing approved assets before manual sourcing."
"abe97b79-67e5-45d7-98ee-23ba9b017b48","5ec1f10f-5080-443a-bfe7-539aa3058087","pokemon:zh-tw:3c0c1ae1-7d62-4384-97f1-734ff9460162:173:holo","zh-tw","3c0c1ae1-7d62-4384-97f1-734ff9460162","SV2a","173","holo","No face returned by set API. Exact-printing manifest could not be read; verify existing approved assets before manual sourcing."
"6a192e52-f35e-4d06-adf7-0b3e204bf118","5b903bfe-0f5d-4b33-b2d2-fa968a6bf29b","pokemon:zh-tw:3c0c1ae1-7d62-4384-97f1-734ff9460162:176:holo","zh-tw","3c0c1ae1-7d62-4384-97f1-734ff9460162","SV2a","176","holo","No face returned by set API. Exact-printing manifest could not be read; verify existing approved assets before manual sourcing."
"820d5306-e908-42cc-9223-96d13f415ce8","701d7ae5-2dc9-45f5-acab-30e6ebae9870","pokemon:zh-tw:3c0c1ae1-7d62-4384-97f1-734ff9460162:177:holo","zh-tw","3c0c1ae1-7d62-4384-97f1-734ff9460162","SV2a","177","holo","No face returned by set API. Exact-printing manifest could not be read; verify existing approved assets before manual sourcing."
"cccec1a8-0b2b-41e3-98d1-fce9266aa78a","842c8b12-b94d-49bd-ad4a-78c07f6cd076","pokemon:zh-tw:3c0c1ae1-7d62-4384-97f1-734ff9460162:181:holo","zh-tw","3c0c1ae1-7d62-4384-97f1-734ff9460162","SV2a","181","holo","No face returned by set API. Exact-printing manifest could not be read; verify existing approved assets before manual sourcing."
"cc45238e-0478-42de-9da5-fb186fd1cbaa","48b7d4ef-19e2-4e4a-a79a-2e7af2ec6b9f","pokemon:zh-tw:3c0c1ae1-7d62-4384-97f1-734ff9460162:185:holo","zh-tw","3c0c1ae1-7d62-4384-97f1-734ff9460162","SV2a","185","holo","No face returned by set API. Exact-printing manifest could not be read; verify existing approved assets before manual sourcing."
"d077474f-0054-42b5-a4bb-a002d742c8af","4cffc0ea-fb56-4cd0-aea8-ef1c469795e7","pokemon:zh-tw:3c0c1ae1-7d62-4384-97f1-734ff9460162:191:holo","zh-tw","3c0c1ae1-7d62-4384-97f1-734ff9460162","SV2a","191","holo","No face returned by set API. Exact-printing manifest could not be read; verify existing approved assets before manual sourcing."
"075a336a-a263-4ab8-a44a-6e905015ec02","6af917ab-1673-4f07-a9e9-39260fd2f884","pokemon:zh-tw:3c0c1ae1-7d62-4384-97f1-734ff9460162:194:holo","zh-tw","3c0c1ae1-7d62-4384-97f1-734ff9460162","SV2a","194","holo","No face returned by set API. Exact-printing manifest could not be read; verify existing approved assets before manual sourcing."
"ae35ed01-a70a-4ec1-8eef-bb24d7b24271","50d83d57-e84d-4eb7-b43c-5005df09b86a","pokemon:zh-tw:3c0c1ae1-7d62-4384-97f1-734ff9460162:195:holo","zh-tw","3c0c1ae1-7d62-4384-97f1-734ff9460162","SV2a","195","holo","No face returned by set API. Exact-printing manifest could not be read; verify existing approved assets before manual sourcing."
"59a82e7b-6ced-40b9-959e-b7fbc8b444b3","4078c872-745b-49cc-be86-c3789733232b","pokemon:zh-tw:3c0c1ae1-7d62-4384-97f1-734ff9460162:201:holo","zh-tw","3c0c1ae1-7d62-4384-97f1-734ff9460162","SV2a","201","holo","No face returned by set API. Exact-printing manifest could not be read; verify existing approved assets before manual sourcing."
"603b95ea-4a51-48ef-b541-3b895bffcd41","4e2b876c-5402-48bf-bc99-60457a4d3afd","pokemon:zh-tw:3c0c1ae1-7d62-4384-97f1-734ff9460162:202:holo","zh-tw","3c0c1ae1-7d62-4384-97f1-734ff9460162","SV2a","202","holo","No face returned by set API. Exact-printing manifest could not be read; verify existing approved assets before manual sourcing."
"d9b43c51-dc23-4916-acb4-b628deede242","8360e35e-6bd4-403a-b2aa-e7bbc4e074e1","pokemon:zh-tw:3c0c1ae1-7d62-4384-97f1-734ff9460162:206:holo","zh-tw","3c0c1ae1-7d62-4384-97f1-734ff9460162","SV2a","206","holo","No face returned by set API. Exact-printing manifest could not be read; verify existing approved assets before manual sourcing."
"79160d3b-d3c1-4f72-80ad-9937904c2bec","be08a407-b836-49f2-a056-8bb160581a29|e3f9624f-3942-4536-a6ed-efaa4ea74b6c","pokemon:zh-tw:3c0c1ae1-7d62-4384-97f1-734ff9460162:031:reverse_holo|pokemon:zh-tw:3c0c1ae1-7d62-4384-97f1-734ff9460162:031:normal","zh-tw","3c0c1ae1-7d62-4384-97f1-734ff9460162","SV2a","031","reverse_holo|normal","No face returned by set API. Exact-printing manifest could not be read; verify existing approved assets before manual sourcing."
"240a0ff4-4171-45e5-97b0-44b980c552ee","bc7a23b0-9c40-4dc4-ba95-836b471b5725|f5ed2488-bfe2-4624-85cd-ad82d6a1304b","pokemon:zh-tw:3c0c1ae1-7d62-4384-97f1-734ff9460162:033:normal|pokemon:zh-tw:3c0c1ae1-7d62-4384-97f1-734ff9460162:033:reverse_holo","zh-tw","3c0c1ae1-7d62-4384-97f1-734ff9460162","SV2a","033","normal|reverse_holo","No face returned by set API. Exact-printing manifest could not be read; verify existing approved assets before manual sourcing."
"2f30e3a5-957a-4794-b0bc-6a728f7fb7ab","c5d55489-f57b-49f2-9937-9a0fa1aa0468|ee634d37-9726-4a7c-b0d8-af7bdd24794d","pokemon:zh-tw:3c0c1ae1-7d62-4384-97f1-734ff9460162:034:holo|pokemon:zh-tw:3c0c1ae1-7d62-4384-97f1-734ff9460162:034:reverse_holo","zh-tw","3c0c1ae1-7d62-4384-97f1-734ff9460162","SV2a","034","holo|reverse_holo","No face returned by set API. Exact-printing manifest could not be read; verify existing approved assets before manual sourcing."
"2e3024bc-4b4f-4f84-9b7c-dd84c5e1a84d","94713785-c9d7-40be-8157-1e1abdd932ad","pokemon:zh-tw:3c0c1ae1-7d62-4384-97f1-734ff9460162:040:holo","zh-tw","3c0c1ae1-7d62-4384-97f1-734ff9460162","SV2a","040","holo","No face returned by set API. Exact-printing manifest could not be read; verify existing approved assets before manual sourcing."
"05dd280f-3c05-4542-890e-7648392583b5","975cdb5c-840e-417a-8769-7aa08fcc21b6|b914d3a5-b7ce-4e24-b746-d817b3730c11","pokemon:zh-tw:3c0c1ae1-7d62-4384-97f1-734ff9460162:043:reverse_holo|pokemon:zh-tw:3c0c1ae1-7d62-4384-97f1-734ff9460162:043:normal","zh-tw","3c0c1ae1-7d62-4384-97f1-734ff9460162","SV2a","043","reverse_holo|normal","No face returned by set API. Exact-printing manifest could not be read; verify existing approved assets before manual sourcing."
"a4400de1-2d17-4593-bc60-4c17f962c8b6","8e90d32b-6067-47df-b839-a37744cb6930|f7fba6ad-a424-4fd5-9bfa-e0e64873692e","pokemon:zh-tw:3c0c1ae1-7d62-4384-97f1-734ff9460162:046:reverse_holo|pokemon:zh-tw:3c0c1ae1-7d62-4384-97f1-734ff9460162:046:normal","zh-tw","3c0c1ae1-7d62-4384-97f1-734ff9460162","SV2a","046","reverse_holo|normal","No face returned by set API. Exact-printing manifest could not be read; verify existing approved assets before manual sourcing."
"cac742d2-5127-4595-b843-f2b08af08e7b","b02c017d-c0f5-4f87-8f3f-ace1d67eea09|b9f49bdd-c519-42ab-a346-a0a6e2ab0a47","pokemon:zh-tw:3c0c1ae1-7d62-4384-97f1-734ff9460162:048:normal|pokemon:zh-tw:3c0c1ae1-7d62-4384-97f1-734ff9460162:048:reverse_holo","zh-tw","3c0c1ae1-7d62-4384-97f1-734ff9460162","SV2a","048","normal|reverse_holo","No face returned by set API. Exact-printing manifest could not be read; verify existing approved assets before manual sourcing."
"4b339bb6-d44f-4c4e-ac3f-c8d5eca3d889","9cc186f2-0486-474e-88b8-b32fedb56f2a|bb1bc849-5d98-41ee-b1d5-bb65c7eea118","pokemon:zh-tw:3c0c1ae1-7d62-4384-97f1-734ff9460162:052:normal|pokemon:zh-tw:3c0c1ae1-7d62-4384-97f1-734ff9460162:052:reverse_holo","zh-tw","3c0c1ae1-7d62-4384-97f1-734ff9460162","SV2a","052","normal|reverse_holo","No face returned by set API. Exact-printing manifest could not be read; verify existing approved assets before manual sourcing."
"b4240f90-c1e9-49a9-8912-3fedcf4c93ea","88d03d7c-a1bd-4e32-a0ee-122016816d9e|a089f899-6383-4d05-8073-59aaed758503","pokemon:zh-tw:3c0c1ae1-7d62-4384-97f1-734ff9460162:053:normal|pokemon:zh-tw:3c0c1ae1-7d62-4384-97f1-734ff9460162:053:reverse_holo","zh-tw","3c0c1ae1-7d62-4384-97f1-734ff9460162","SV2a","053","normal|reverse_holo","No face returned by set API. Exact-printing manifest could not be read; verify existing approved assets before manual sourcing."
"aaabe356-cbec-408d-8428-59114f8d7c1d","c013a479-763b-4eac-a7ff-3ee029ed34f4|e68cbaa9-8dd1-45a0-8e1b-2eea32f40bd3","pokemon:zh-tw:3c0c1ae1-7d62-4384-97f1-734ff9460162:055:normal|pokemon:zh-tw:3c0c1ae1-7d62-4384-97f1-734ff9460162:055:reverse_holo","zh-tw","3c0c1ae1-7d62-4384-97f1-734ff9460162","SV2a","055","normal|reverse_holo","No face returned by set API. Exact-printing manifest could not be read; verify existing approved assets before manual sourcing."
"dfe405cf-4d5d-4360-8046-5f35f246b535","a7f5d4c6-ff04-4e6e-8827-8e14471d2c0e|e1529750-9c94-4cbf-9b64-5e5da63aade9","pokemon:zh-tw:3c0c1ae1-7d62-4384-97f1-734ff9460162:063:reverse_holo|pokemon:zh-tw:3c0c1ae1-7d62-4384-97f1-734ff9460162:063:normal","zh-tw","3c0c1ae1-7d62-4384-97f1-734ff9460162","SV2a","063","reverse_holo|normal","No face returned by set API. Exact-printing manifest could not be read; verify existing approved assets before manual sourcing."
"f6dc3905-55c0-44f9-8b2c-9a3efee68d9a","cc082be7-8578-42bc-8cd9-e9b3f377ba99|d0bef489-40ff-4b2c-b959-cb813e165d9e","pokemon:zh-tw:3c0c1ae1-7d62-4384-97f1-734ff9460162:064:reverse_holo|pokemon:zh-tw:3c0c1ae1-7d62-4384-97f1-734ff9460162:064:normal","zh-tw","3c0c1ae1-7d62-4384-97f1-734ff9460162","SV2a","064","reverse_holo|normal","No face returned by set API. Exact-printing manifest could not be read; verify existing approved assets before manual sourcing."
"084ea964-334b-4932-b1fd-9d8836709dc0","98c9a3bb-77af-45d3-bc79-1038af451f9c|f2594535-39c4-40e7-a380-b3ac6bdd0c4e","pokemon:zh-tw:3c0c1ae1-7d62-4384-97f1-734ff9460162:082:reverse_holo|pokemon:zh-tw:3c0c1ae1-7d62-4384-97f1-734ff9460162:082:normal","zh-tw","3c0c1ae1-7d62-4384-97f1-734ff9460162","SV2a","082","reverse_holo|normal","No face returned by set API. Exact-printing manifest could not be read; verify existing approved assets before manual sourcing."
"1c5f5e64-d229-4d66-806f-f160bdd89796","8fcdecdd-baf1-4037-9cd3-d2be71ef4a5f|f56bdb2e-e89e-45e7-bbb8-8c8a0ceb7db8","pokemon:zh-tw:3c0c1ae1-7d62-4384-97f1-734ff9460162:084:normal|pokemon:zh-tw:3c0c1ae1-7d62-4384-97f1-734ff9460162:084:reverse_holo","zh-tw","3c0c1ae1-7d62-4384-97f1-734ff9460162","SV2a","084","normal|reverse_holo","No face returned by set API. Exact-printing manifest could not be read; verify existing approved assets before manual sourcing."
"c880177e-8043-482c-aa58-5405e3f06906","ccca21d3-5294-40ce-9274-3933a6fffdf5|dd3602cb-6b27-4b87-977c-f7b8f158a0ca","pokemon:zh-tw:3c0c1ae1-7d62-4384-97f1-734ff9460162:086:normal|pokemon:zh-tw:3c0c1ae1-7d62-4384-97f1-734ff9460162:086:reverse_holo","zh-tw","3c0c1ae1-7d62-4384-97f1-734ff9460162","SV2a","086","normal|reverse_holo","No face returned by set API. Exact-printing manifest could not be read; verify existing approved assets before manual sourcing."
"c48ecf7e-da98-42a3-be87-6ea6ce16ebd1","bf658c59-718f-4f35-9fc0-d0c23ce5db72|c7e25716-0f27-46d0-910c-21a737a19be1","pokemon:zh-tw:3c0c1ae1-7d62-4384-97f1-734ff9460162:099:reverse_holo|pokemon:zh-tw:3c0c1ae1-7d62-4384-97f1-734ff9460162:099:normal","zh-tw","3c0c1ae1-7d62-4384-97f1-734ff9460162","SV2a","099","reverse_holo|normal","No face returned by set API. Exact-printing manifest could not be read; verify existing approved assets before manual sourcing."
"762c10be-0432-4a92-9490-3932bd741cfa","9e15f389-37ef-4aa8-a416-8c3b58a3b1fb|c2e18d9e-48ca-4dac-a3ab-8e0c3c527f6a","pokemon:zh-tw:3c0c1ae1-7d62-4384-97f1-734ff9460162:101:holo|pokemon:zh-tw:3c0c1ae1-7d62-4384-97f1-734ff9460162:101:reverse_holo","zh-tw","3c0c1ae1-7d62-4384-97f1-734ff9460162","SV2a","101","holo|reverse_holo","No face returned by set API. Exact-printing manifest could not be read; verify existing approved assets before manual sourcing."
"0f44c706-267b-4a7a-b8d6-80a5945305ba","b1d0a4da-0484-46e5-97eb-a9174c7adb6d|bb03b801-7b40-4fa2-bef5-4ff898435906","pokemon:zh-tw:3c0c1ae1-7d62-4384-97f1-734ff9460162:112:normal|pokemon:zh-tw:3c0c1ae1-7d62-4384-97f1-734ff9460162:112:reverse_holo","zh-tw","3c0c1ae1-7d62-4384-97f1-734ff9460162","SV2a","112","normal|reverse_holo","No face returned by set API. Exact-printing manifest could not be read; verify existing approved assets before manual sourcing."
"743ba832-0356-4710-87dd-e9a1bebce6aa","a3937b92-8f60-4681-9408-52de6de02204|aa02485d-7a5e-445c-a22d-613adf4c344c","pokemon:zh-tw:3c0c1ae1-7d62-4384-97f1-734ff9460162:113:holo|pokemon:zh-tw:3c0c1ae1-7d62-4384-97f1-734ff9460162:113:reverse_holo","zh-tw","3c0c1ae1-7d62-4384-97f1-734ff9460162","SV2a","113","holo|reverse_holo","No face returned by set API. Exact-printing manifest could not be read; verify existing approved assets before manual sourcing."
"044aafb4-b3d0-46f6-8873-f2775726c86c","920ba674-00d4-4a94-a268-43ee4a597add|b0a1b382-5b33-4e30-9d78-eec281b5d870","pokemon:zh-tw:3c0c1ae1-7d62-4384-97f1-734ff9460162:114:reverse_holo|pokemon:zh-tw:3c0c1ae1-7d62-4384-97f1-734ff9460162:114:normal","zh-tw","3c0c1ae1-7d62-4384-97f1-734ff9460162","SV2a","114","reverse_holo|normal","No face returned by set API. Exact-printing manifest could not be read; verify existing approved assets before manual sourcing."
"bae8bc5d-9ddf-4edb-bbca-7a46af3b09fd","96935843-66e2-4c2c-94ae-4d94263497f8|be5758a1-d939-4e45-94c7-6dcdb4bf2fa8","pokemon:zh-tw:3c0c1ae1-7d62-4384-97f1-734ff9460162:121:reverse_holo|pokemon:zh-tw:3c0c1ae1-7d62-4384-97f1-734ff9460162:121:holo","zh-tw","3c0c1ae1-7d62-4384-97f1-734ff9460162","SV2a","121","reverse_holo|holo","No face returned by set API. Exact-printing manifest could not be read; verify existing approved assets before manual sourcing."
"9c04dc95-cb3b-4792-b99c-616b3ff91217","9d92f738-8a35-4915-a3ca-5967c215cfe6|dae2dc7e-ff0e-4a76-ba58-1760c6a32c86","pokemon:zh-tw:3c0c1ae1-7d62-4384-97f1-734ff9460162:123:reverse_holo|pokemon:zh-tw:3c0c1ae1-7d62-4384-97f1-734ff9460162:123:normal","zh-tw","3c0c1ae1-7d62-4384-97f1-734ff9460162","SV2a","123","reverse_holo|normal","No face returned by set API. Exact-printing manifest could not be read; verify existing approved assets before manual sourcing."
"9b98ee35-65ca-4f84-a720-da2a23bc3a2d","cc9d6042-86d0-4070-a55c-1384db0015f1|d5055a7b-c05b-4861-bd8b-97cb4eaf4b22","pokemon:zh-tw:3c0c1ae1-7d62-4384-97f1-734ff9460162:125:normal|pokemon:zh-tw:3c0c1ae1-7d62-4384-97f1-734ff9460162:125:reverse_holo","zh-tw","3c0c1ae1-7d62-4384-97f1-734ff9460162","SV2a","125","normal|reverse_holo","No face returned by set API. Exact-printing manifest could not be read; verify existing approved assets before manual sourcing."
"7441eb4f-da64-42b3-acaa-baffd635c7ae","c4da4262-7a23-4df4-90e7-5957e21921c0|e319cce9-7dca-48cd-8659-6d1eff082710","pokemon:zh-tw:3c0c1ae1-7d62-4384-97f1-734ff9460162:135:holo|pokemon:zh-tw:3c0c1ae1-7d62-4384-97f1-734ff9460162:135:reverse_holo","zh-tw","3c0c1ae1-7d62-4384-97f1-734ff9460162","SV2a","135","holo|reverse_holo","No face returned by set API. Exact-printing manifest could not be read; verify existing approved assets before manual sourcing."
"ee463265-9508-4904-bb71-b46052cef54f","88dd5023-33fa-412e-8758-6a99fb142bed|adf432c8-2dd0-4b77-9ec7-df6149e40803","pokemon:zh-tw:3c0c1ae1-7d62-4384-97f1-734ff9460162:147:reverse_holo|pokemon:zh-tw:3c0c1ae1-7d62-4384-97f1-734ff9460162:147:normal","zh-tw","3c0c1ae1-7d62-4384-97f1-734ff9460162","SV2a","147","reverse_holo|normal","No face returned by set API. Exact-printing manifest could not be read; verify existing approved assets before manual sourcing."
"389219a6-a71c-4c6a-bf9d-7048f23664c4","b059e7d2-55d8-4bc4-9445-62fb2e6ccb00","pokemon:zh-tw:3c0c1ae1-7d62-4384-97f1-734ff9460162:151:holo","zh-tw","3c0c1ae1-7d62-4384-97f1-734ff9460162","SV2a","151","holo","No face returned by set API. Exact-printing manifest could not be read; verify existing approved assets before manual sourcing."
"d382eaf8-2f55-4990-9793-b9fb909d8f97","aadac51d-62a3-40b1-91d2-35cbdc937ef0","pokemon:zh-tw:3c0c1ae1-7d62-4384-97f1-734ff9460162:166:holo","zh-tw","3c0c1ae1-7d62-4384-97f1-734ff9460162","SV2a","166","holo","No face returned by set API. Exact-printing manifest could not be read; verify existing approved assets before manual sourcing."
"266b9471-460d-4576-9ebb-353c37735246","af404aab-4642-4c94-8445-9b62361c8e96","pokemon:zh-tw:3c0c1ae1-7d62-4384-97f1-734ff9460162:167:holo","zh-tw","3c0c1ae1-7d62-4384-97f1-734ff9460162","SV2a","167","holo","No face returned by set API. Exact-printing manifest could not be read; verify existing approved assets before manual sourcing."
"15cfad28-210b-4022-963a-96f160d359ed","b34074c3-90dd-4c52-91b3-31b1fcf41ac9","pokemon:zh-tw:3c0c1ae1-7d62-4384-97f1-734ff9460162:170:holo","zh-tw","3c0c1ae1-7d62-4384-97f1-734ff9460162","SV2a","170","holo","No face returned by set API. Exact-printing manifest could not be read; verify existing approved assets before manual sourcing."
"d6c46784-02d3-4ab4-b426-1eae8ac7ab63","b779773a-390c-40bb-ad60-0856899ea25d","pokemon:zh-tw:3c0c1ae1-7d62-4384-97f1-734ff9460162:174:holo","zh-tw","3c0c1ae1-7d62-4384-97f1-734ff9460162","SV2a","174","holo","No face returned by set API. Exact-printing manifest could not be read; verify existing approved assets before manual sourcing."
"e9d97e05-26f9-452f-8df3-e8adf4497276","b9c01001-bbc8-4933-8804-f9e047c6dc52","pokemon:zh-tw:3c0c1ae1-7d62-4384-97f1-734ff9460162:178:holo","zh-tw","3c0c1ae1-7d62-4384-97f1-734ff9460162","SV2a","178","holo","No face returned by set API. Exact-printing manifest could not be read; verify existing approved assets before manual sourcing."
"26e4209d-3e4b-4ba2-8eed-9d6c7d6e285c","9fc2b422-04ad-4817-913e-2e3b112c4f85","pokemon:zh-tw:3c0c1ae1-7d62-4384-97f1-734ff9460162:180:holo","zh-tw","3c0c1ae1-7d62-4384-97f1-734ff9460162","SV2a","180","holo","No face returned by set API. Exact-printing manifest could not be read; verify existing approved assets before manual sourcing."
"0a8f8b4e-5e15-41d5-b583-ee558d0600d0","a8e5a0be-7bd3-4eb7-8436-96c9e68e28aa","pokemon:zh-tw:3c0c1ae1-7d62-4384-97f1-734ff9460162:184:holo","zh-tw","3c0c1ae1-7d62-4384-97f1-734ff9460162","SV2a","184","holo","No face returned by set API. Exact-printing manifest could not be read; verify existing approved assets before manual sourcing."
"0be2cd4e-b7c9-4525-8540-6d3c203a03b1","aaeec5bc-f5cc-49fa-bd6a-9870478b47ee","pokemon:zh-tw:3c0c1ae1-7d62-4384-97f1-734ff9460162:187:holo","zh-tw","3c0c1ae1-7d62-4384-97f1-734ff9460162","SV2a","187","holo","No face returned by set API. Exact-printing manifest could not be read; verify existing approved assets before manual sourcing."
"055ef8ef-4c37-4a26-a597-d7af80e2ae1a","8d70bdd7-0fd3-4d80-ad2d-220480a4c4d0","pokemon:zh-tw:3c0c1ae1-7d62-4384-97f1-734ff9460162:190:holo","zh-tw","3c0c1ae1-7d62-4384-97f1-734ff9460162","SV2a","190","holo","No face returned by set API. Exact-printing manifest could not be read; verify existing approved assets before manual sourcing."
"7c8b565a-a233-448e-86c2-9552611bbb94","9ec6a974-489e-47bb-8241-f489a679d20d","pokemon:zh-tw:3c0c1ae1-7d62-4384-97f1-734ff9460162:193:holo","zh-tw","3c0c1ae1-7d62-4384-97f1-734ff9460162","SV2a","193","holo","No face returned by set API. Exact-printing manifest could not be read; verify existing approved assets before manual sourcing."
"bb3a8919-d8a3-423b-a2aa-5ae6cbcca70c","bf877cdd-a1cf-4a63-9437-d98408e24243","pokemon:zh-tw:3c0c1ae1-7d62-4384-97f1-734ff9460162:196:holo","zh-tw","3c0c1ae1-7d62-4384-97f1-734ff9460162","SV2a","196","holo","No face returned by set API. Exact-printing manifest could not be read; verify existing approved assets before manual sourcing."
"1993a95e-517b-40bc-88ac-7508890ff728","acd58832-b0a3-4306-9960-8e533b251c3f","pokemon:zh-tw:3c0c1ae1-7d62-4384-97f1-734ff9460162:197:holo","zh-tw","3c0c1ae1-7d62-4384-97f1-734ff9460162","SV2a","197","holo","No face returned by set API. Exact-printing manifest could not be read; verify existing approved assets before manual sourcing."
"b84e39f9-dd53-40ad-bbdc-6859acff42d3","ac7c060a-713f-4998-8fdd-3883c6a988c2","pokemon:zh-tw:3c0c1ae1-7d62-4384-97f1-734ff9460162:199:holo","zh-tw","3c0c1ae1-7d62-4384-97f1-734ff9460162","SV2a","199","holo","No face returned by set API. Exact-printing manifest could not be read; verify existing approved assets before manual sourcing."
"a6ad761f-0900-49da-b9d6-0395d7ce7370","af35c025-8fa8-4690-92c0-a01dd48bc12f","pokemon:zh-tw:3c0c1ae1-7d62-4384-97f1-734ff9460162:204:holo","zh-tw","3c0c1ae1-7d62-4384-97f1-734ff9460162","SV2a","204","holo","No face returned by set API. Exact-printing manifest could not be read; verify existing approved assets before manual sourcing."
"d74fac0b-7171-4805-8f89-94ee1ed5fd5f","c325a9e3-693e-4dab-9cad-e888a46955c0","pokemon:zh-tw:3c0c1ae1-7d62-4384-97f1-734ff9460162:207:holo","zh-tw","3c0c1ae1-7d62-4384-97f1-734ff9460162","SV2a","207","holo","No face returned by set API. Exact-printing manifest could not be read; verify existing approved assets before manual sourcing."
"70a8b48c-6853-41ca-a347-15e866190cd1","e28eb863-a9db-4972-8fd3-f7b73f9e9518|f2a7eda3-379f-48aa-a06b-67df33a01b57","pokemon:zh-tw:3c0c1ae1-7d62-4384-97f1-734ff9460162:022:normal|pokemon:zh-tw:3c0c1ae1-7d62-4384-97f1-734ff9460162:022:reverse_holo","zh-tw","3c0c1ae1-7d62-4384-97f1-734ff9460162","SV2a","022","normal|reverse_holo","No face returned by set API. Exact-printing manifest could not be read; verify existing approved assets before manual sourcing."
"a633ca0d-b3a2-423a-9be5-2ca8ca3f82ac","e06abd84-727f-43e1-b4b1-0ce2d1d58d8c|f08b8fb7-06d5-4c5d-bc54-8f4a72932ed2","pokemon:zh-tw:3c0c1ae1-7d62-4384-97f1-734ff9460162:023:reverse_holo|pokemon:zh-tw:3c0c1ae1-7d62-4384-97f1-734ff9460162:023:normal","zh-tw","3c0c1ae1-7d62-4384-97f1-734ff9460162","SV2a","023","reverse_holo|normal","No face returned by set API. Exact-printing manifest could not be read; verify existing approved assets before manual sourcing."
"0558ed43-4154-40f2-a231-9ef4e4978ba5","fcb19729-7329-4707-9028-5a06840069ef","pokemon:zh-tw:3c0c1ae1-7d62-4384-97f1-734ff9460162:065:holo","zh-tw","3c0c1ae1-7d62-4384-97f1-734ff9460162","SV2a","065","holo","No face returned by set API. Exact-printing manifest could not be read; verify existing approved assets before manual sourcing."
"896bdc61-834a-4230-87e3-fd5c9b15951d","ea291e81-a0e6-4b8b-ae68-f23a5cd976e4|f042598f-5d36-4b2a-8e55-df7534810773","pokemon:zh-tw:3c0c1ae1-7d62-4384-97f1-734ff9460162:073:normal|pokemon:zh-tw:3c0c1ae1-7d62-4384-97f1-734ff9460162:073:reverse_holo","zh-tw","3c0c1ae1-7d62-4384-97f1-734ff9460162","SV2a","073","normal|reverse_holo","No face returned by set API. Exact-printing manifest could not be read; verify existing approved assets before manual sourcing."
"74df8295-3c28-4ad0-86a6-bb43ed227507","d2bf484b-2add-4448-b003-45c394783ac4|e458b1ef-2f50-4439-87ec-1812c89485c7","pokemon:zh-tw:3c0c1ae1-7d62-4384-97f1-734ff9460162:104:normal|pokemon:zh-tw:3c0c1ae1-7d62-4384-97f1-734ff9460162:104:reverse_holo","zh-tw","3c0c1ae1-7d62-4384-97f1-734ff9460162","SV2a","104","normal|reverse_holo","No face returned by set API. Exact-printing manifest could not be read; verify existing approved assets before manual sourcing."
"41eef45a-0c47-4e78-9e86-3328742d1c73","fd6faab7-44ec-432d-9474-6cb1e2d1c2f0","pokemon:zh-tw:3c0c1ae1-7d62-4384-97f1-734ff9460162:115:holo","zh-tw","3c0c1ae1-7d62-4384-97f1-734ff9460162","SV2a","115","holo","No face returned by set API. Exact-printing manifest could not be read; verify existing approved assets before manual sourcing."
"424c4618-8f9e-4561-933d-dc9bf10b7e4d","d6e51311-2151-43a2-a572-871aa805a181|fe080fff-8f6c-440a-a5ca-934e9ae0ca5d","pokemon:zh-tw:3c0c1ae1-7d62-4384-97f1-734ff9460162:140:reverse_holo|pokemon:zh-tw:3c0c1ae1-7d62-4384-97f1-734ff9460162:140:normal","zh-tw","3c0c1ae1-7d62-4384-97f1-734ff9460162","SV2a","140","reverse_holo|normal","No face returned by set API. Exact-printing manifest could not be read; verify existing approved assets before manual sourcing."
"46cdb812-70c2-408c-ad71-e336a8d10b7b","cf7d2ecd-22ed-421a-87b8-b8d377823eca|dd7ec61b-9954-491e-a7e9-6a5f82d6053f","pokemon:zh-tw:3c0c1ae1-7d62-4384-97f1-734ff9460162:158:normal|pokemon:zh-tw:3c0c1ae1-7d62-4384-97f1-734ff9460162:158:reverse_holo","zh-tw","3c0c1ae1-7d62-4384-97f1-734ff9460162","SV2a","158","normal|reverse_holo","No face returned by set API. Exact-printing manifest could not be read; verify existing approved assets before manual sourcing."
"622cd302-7e91-455c-ba83-797a59990fda","eec22deb-b713-4c71-95d1-f8771f1475ee","pokemon:zh-tw:3c0c1ae1-7d62-4384-97f1-734ff9460162:179:holo","zh-tw","3c0c1ae1-7d62-4384-97f1-734ff9460162","SV2a","179","holo","No face returned by set API. Exact-printing manifest could not be read; verify existing approved assets before manual sourcing."
"120e6a29-3736-48ce-8fac-d0fc13cd4e4c","eeb2bfce-66e9-42d2-8f31-1ba148e9bbf7","pokemon:zh-tw:3c0c1ae1-7d62-4384-97f1-734ff9460162:183:holo","zh-tw","3c0c1ae1-7d62-4384-97f1-734ff9460162","SV2a","183","holo","No face returned by set API. Exact-printing manifest could not be read; verify existing approved assets before manual sourcing."
"4642307b-6430-4cb8-8abb-4abc54d7e892","db464919-d21b-480d-a53f-fbc9fa665371","pokemon:zh-tw:3c0c1ae1-7d62-4384-97f1-734ff9460162:186:holo","zh-tw","3c0c1ae1-7d62-4384-97f1-734ff9460162","SV2a","186","holo","No face returned by set API. Exact-printing manifest could not be read; verify existing approved assets before manual sourcing."
"cd231727-1004-4b8a-b6b3-6744d3a4ddcb","f02e5a53-c7b8-410f-9d29-36ce93b050db","pokemon:zh-tw:3c0c1ae1-7d62-4384-97f1-734ff9460162:192:holo","zh-tw","3c0c1ae1-7d62-4384-97f1-734ff9460162","SV2a","192","holo","No face returned by set API. Exact-printing manifest could not be read; verify existing approved assets before manual sourcing."
"3af38e1e-e9ce-46e8-a738-c2c5b0ce8be0","d54e5729-029b-47ae-b1c2-3fd73a2d74cb","pokemon:zh-tw:3c0c1ae1-7d62-4384-97f1-734ff9460162:205:holo","zh-tw","3c0c1ae1-7d62-4384-97f1-734ff9460162","SV2a","205","holo","No face returned by set API. Exact-printing manifest could not be read; verify existing approved assets before manual sourcing."
