language_code,version_key,set_id,set_code,native_name,english_display_name,release_date,printed_total,total,published_printings,published_variants
en,en:tcgdex-796afd47e430-full-primary-2026-08-19,eca6d92c-f625-4ec1-bcd4-f77c31faa237,miscp,Miscellaneous Promos,Miscellaneous Promos,1996-01-01,1,1,1,1
en,en:tcgdex-796afd47e430-full-primary-2026-08-19,97e3aeb6-2645-4c3a-9fd4-10d95a181b6e,base1,Base Set,Base Set,1999-01-09,102,102,102,204
en,en:tcgdex-796afd47e430-full-primary-2026-08-19,739d2f18-1dd0-45dc-ba58-2195d5760ed5,base2,Jungle,Jungle,1999-06-16,64,64,64,128
en,en:tcgdex-796afd47e430-full-primary-2026-08-19,ce2eea9a-f1c5-4a8e-8ff2-e782fbd89927,basep,Wizards Black Star Promos,Wizards Black Star Promos,1999-07-01,53,53,53,54
en,en:tcgdex-796afd47e430-full-primary-2026-08-19,013aaf61-7b4f-4f79-b96f-285b53de2d41,wp,W Promotional,W Promotional,1999-09-01,7,7,0,0
en,en:tcgdex-796afd47e430-full-primary-2026-08-19,85f8c1fc-874d-4b7a-892b-2137adc6647b,base3,Fossil,Fossil,1999-10-10,62,62,62,124
en,en:tcgdex-796afd47e430-full-primary-2026-08-19,ffdf2db0-7ff9-426f-95f4-ba4165be9824,base4,Base Set 2,Base Set 2,2000-02-24,130,130,130,130
en,en:tcgdex-796afd47e430-full-primary-2026-08-19,87281266-72bb-4ece-8a82-2d9838fec89f,base5,Team Rocket,Team Rocket,2000-04-24,82,83,83,166
en,en:tcgdex-796afd47e430-full-primary-2026-08-19,0f4ffa8e-12e1-4d3f-907c-74186a29bf1b,gym1,Gym Heroes,Gym Heroes,2000-08-14,132,132,132,264
en,en:tcgdex-796afd47e430-full-primary-2026-08-19,f43aed17-4a1d-49b7-9f98-fbf3f0e44c8d,gym2,Gym Challenge,Gym Challenge,2000-10-16,132,132,132,262
en,en:tcgdex-796afd47e430-full-primary-2026-08-19,d9a2e898-8c13-4ec3-a57e-7e27e33dec08,neo1,Neo Genesis,Neo Genesis,2000-12-16,111,111,111,222
en,en:tcgdex-796afd47e430-full-primary-2026-08-19,0f227cc4-90c0-4e1b-b91f-811b3d13630d,neo2,Neo Discovery,Neo Discovery,2001-06-01,75,75,75,150
en,en:tcgdex-796afd47e430-full-primary-2026-08-19,3a75eae6-7d72-4227-bf44-4068c80e01fd,si1,Southern Islands,Southern Islands,2001-07-31,18,18,18,18
en,en:tcgdex-796afd47e430-full-primary-2026-08-19,6594ca6d-beb9-4b02-91c4-c2f1d5765712,neo3,Neo Revelation,Neo Revelation,2001-09-21,64,66,66,132
en,en:tcgdex-796afd47e430-full-primary-2026-08-19,76866762-6684-44e1-bd7d-11a741f408d2,neo4,Neo Destiny,Neo Destiny,2002-02-28,105,113,113,226
en,en:tcgdex-796afd47e430-full-primary-2026-08-19,1f92f73d-c7ed-4f1b-b0cd-896ce13d2fab,lc,Legendary Collection,Legendary Collection,2002-05-24,110,110,110,223
en,en:tcgdex-796afd47e430-full-primary-2026-08-19,79232cb7-c397-48b2-adc7-9af9a8fc382d,sp,Sample,Sample,2002-08-01,10,10,0,0
en,en:tcgdex-796afd47e430-full-primary-2026-08-19,7cdfd12a-41e8-4311-aa5b-b2b7cd58e398,ecard1,Expedition Base Set,Expedition Base Set,2002-09-15,165,165,165,330
en,en:tcgdex-796afd47e430-full-primary-2026-08-19,2fa71113-d1fe-4498-a69f-581cfdfc2f9e,bog,Best of game,Best of game,2002-12-01,9,9,9,9
en,en:tcgdex-796afd47e430-full-primary-2026-08-19,2cd06c25-7efb-442d-b1ff-8f00979d5fe4,ecard2,Aquapolis,Aquapolis,2003-01-15,147,186,186,338
en,en:tcgdex-796afd47e430-full-primary-2026-08-19,c7e3d5ac-17b4-494e-b6af-53b6eeb75919,ecard3,Skyridge,Skyridge,2003-05-12,144,182,182,332
en,en:tcgdex-796afd47e430-full-primary-2026-08-19,64aef6f8-1d6a-4279-9d48-b6540462f892,ex1,Ruby & Sapphire,Ruby & Sapphire,2003-07-01,109,109,109,214
en,en:tcgdex-796afd47e430-full-primary-2026-08-19,a13f0885-b15c-4ad1-94b5-9902581273cb,ex2,Sandstorm,Sandstorm,2003-09-18,100,100,100,194
en,en:tcgdex-796afd47e430-full-primary-2026-08-19,e6a38c42-178e-4875-8090-fe559404207f,np,Nintendo Black Star Promos,Nintendo Black Star Promos,2003-10-01,40,40,40,48
en,en:tcgdex-796afd47e430-full-primary-2026-08-19,30914b3d-b822-4a86-98a7-64f043e4c3bf,ex3,Dragon,Dragon,2003-11-24,97,100,100,191
en,en:tcgdex-796afd47e430-full-primary-2026-08-19,5ec7db1f-74f3-4ad0-8e80-24a1712c1730,ex4,Team Magma vs Team Aqua,Team Magma vs Team Aqua,2004-03-01,95,97,97,187
en,en:tcgdex-796afd47e430-full-primary-2026-08-19,d6412e14-45a5-48ed-81e0-70e09c56b9a3,ex5,Hidden Legends,Hidden Legends,2004-06-01,101,102,102,199
en,en:tcgdex-796afd47e430-full-primary-2026-08-19,71bc9b69-e786-4972-b126-d1f7bbc1311f,ex5.5,Poké Card Creator Pack,Poké Card Creator Pack,2004-07-01,5,5,5,5
en,en:tcgdex-796afd47e430-full-primary-2026-08-19,50f7253b-18da-43d4-b5d2-8b9ddc4310f9,tk-ex-latia,EX trainer Kit (Latias),EX trainer Kit (Latias),2004-07-01,10,10,10,10
en,en:tcgdex-796afd47e430-full-primary-2026-08-19,0b2ab635-45ad-4874-8cca-d1a642e5322a,tk-ex-latio,EX trainer Kit (Latios),EX trainer Kit (Latios),2004-07-01,10,10,10,10
en,en:tcgdex-796afd47e430-full-primary-2026-08-19,1f4123e5-329b-4d39-9d85-7a079593fbcf,ex6,FireRed & LeafGreen,FireRed & LeafGreen,2004-09-01,112,116,116,219
en,en:tcgdex-796afd47e430-full-primary-2026-08-19,9ce6fbec-2f97-440d-bf13-4c6de2e4c174,pop1,POP Series 1,POP Series 1,2004-09-01,17,17,17,24
en,en:tcgdex-796afd47e430-full-primary-2026-08-19,b80b1e71-5fdf-4c7b-b08e-2970af16c6f6,ex7,Team Rocket Returns,Team Rocket Returns,2004-11-01,109,111,111,210
en,en:tcgdex-796afd47e430-full-primary-2026-08-19,3ef9a5ac-ff56-41e3-9c03-008368a5d58b,ex8,Deoxys,Deoxys,2005-02-01,107,108,108,209
en,en:tcgdex-796afd47e430-full-primary-2026-08-19,3c2cf854-99c6-4986-ae3f-92d7b64ca691,ex9,Emerald,Emerald,2005-05-09,106,107,107,203
en,en:tcgdex-796afd47e430-full-primary-2026-08-19,698426c9-3d79-4cdd-8bf7-d33c50be9b39,pop2,POP Series 2,POP Series 2,2005-08-01,17,17,17,24
en,en:tcgdex-796afd47e430-full-primary-2026-08-19,e29e51ac-ff0a-493a-9065-7e6705c6b044,ex10,Unseen Forces,Unseen Forces,2005-08-22,115,117,117,223
en,en:tcgdex-796afd47e430-full-primary-2026-08-19,8a187377-e1e3-4dc5-b3ef-4ab8ab58805f,exu,Unseen Forces Unown Collection,Unseen Forces Unown Collection,2005-08-22,28,28,28,28
en,en:tcgdex-796afd47e430-full-primary-2026-08-19,99249942-0d40-4681-89ef-ed4575e16313,ex11,Delta Species,Delta Species,2005-10-31,113,114,114,116
en,en:tcgdex-796afd47e430-full-primary-2026-08-19,bf4f4e5f-7f84-4c74-aba4-7a72e11a17b2,ex12,Legend Maker,Legend Maker,2006-02-13,92,93,93,93
en,en:tcgdex-796afd47e430-full-primary-2026-08-19,83bbe73a-6837-4501-9335-deb89c3132c9,tk-ex-m,EX trainer Kit 2 (Minun),EX trainer Kit 2 (Minun),2006-03-01,12,12,12,12
en,en:tcgdex-796afd47e430-full-primary-2026-08-19,d2383af6-d45c-4ca4-8fd6-da6920baf56f,tk-ex-p,EX trainer Kit 2 (Plusle),EX trainer Kit 2 (Plusle),2006-03-01,12,12,12,12
en,en:tcgdex-796afd47e430-full-primary-2026-08-19,72847a6b-b6c1-4cbd-a0ec-d364297c9d4e,pop3,POP Series 3,POP Series 3,2006-04-01,17,17,17,24
en,en:tcgdex-796afd47e430-full-primary-2026-08-19,eadfaa16-b109-40b9-bdc9-e39bd7a81172,ex13,Holon Phantoms,Holon Phantoms,2006-05-03,110,111,111,114
en,en:tcgdex-796afd47e430-full-primary-2026-08-19,455ffff6-bd35-42a1-be69-082e9fafc01f,pop4,POP Series 4,POP Series 4,2006-08-01,17,17,17,24
en,en:tcgdex-796afd47e430-full-primary-2026-08-19,17936dba-7b9a-4737-90a9-a0464d7a4919,ex14,Crystal Guardians,Crystal Guardians,2006-08-30,100,100,100,105
en,en:tcgdex-796afd47e430-full-primary-2026-08-19,22af0c58-645c-42b6-a7d8-3e77e6b1e032,ex15,Dragon Frontiers,Dragon Frontiers,2006-11-08,101,101,101,101
en,en:tcgdex-796afd47e430-full-primary-2026-08-19,9703f44c-e45a-4bfb-952c-4e747357bd4e,ex16,Power Keepers,Power Keepers,2007-02-17,108,108,108,114
en,en:tcgdex-796afd47e430-full-primary-2026-08-19,c0e878e4-e882-4736-a3fd-aba9efe393e4,pop5,POP Series 5,POP Series 5,2007-03-01,17,17,17,24
en,en:tcgdex-796afd47e430-full-primary-2026-08-19,8ebfab70-e7bb-48d8-98e7-dd8b948d12e8,dp1,Diamond & Pearl,Diamond & Pearl,2007-05-01,130,130,130,254
en,en:tcgdex-796afd47e430-full-primary-2026-08-19,145e94b6-56f3-4f63-bfc6-473a472b661d,dpp,DP Black Star Promos,DP Black Star Promos,2007-05-01,56,56,56,58
en,en:tcgdex-796afd47e430-full-primary-2026-08-19,986caaf1-1f2b-4525-ae93-4d455cfee8c5,dp2,Mysterious Treasures,Mysterious Treasures,2007-08-01,123,124,124,248
en,en:tcgdex-796afd47e430-full-primary-2026-08-19,6f5ccfcc-bd4f-439e-aa9a-654afdbfc6f6,pop6,POP Series 6,POP Series 6,2007-09-01,17,17,17,25
en,en:tcgdex-796afd47e430-full-primary-2026-08-19,a3fd1c44-2c71-4f48-b441-899ba8e9ca3a,tk-dp-l,DP trainer Kit (Lucario),DP trainer Kit (Lucario),2007-09-01,11,11,11,11
en,en:tcgdex-796afd47e430-full-primary-2026-08-19,d1175fa3-0667-4bdd-80ca-3434b25d8d1f,tk-dp-m,DP trainer Kit (Manaphy),DP trainer Kit (Manaphy),2007-09-01,12,12,12,12
en,en:tcgdex-796afd47e430-full-primary-2026-08-19,a9b641af-03cb-4a40-8b15-8a3b6ad01e48,dp3,Secret Wonders,Secret Wonders,2007-11-01,132,132,132,267
en,en:tcgdex-796afd47e430-full-primary-2026-08-19,d05cc70e-4db4-45cb-a831-1b74780b9772,dp4,Great Encounters,Great Encounters,2008-02-01,106,106,106,213
en,en:tcgdex-796afd47e430-full-primary-2026-08-19,bdf571e3-4ca9-40dc-87bd-e6c1952915bf,pop7,POP Series 7,POP Series 7,2008-03-01,17,17,17,24
en,en:tcgdex-796afd47e430-full-primary-2026-08-19,a0dc1218-59f9-45f7-841b-9e93ccfc3aea,dp5,Majestic Dawn,Majestic Dawn,2008-05-01,100,100,100,200
en,en:tcgdex-796afd47e430-full-primary-2026-08-19,3f0f07ff-6f30-4034-98db-02bf9182ab78,dp6,Legends Awakened,Legends Awakened,2008-08-01,146,146,146,294
en,en:tcgdex-796afd47e430-full-primary-2026-08-19,68fb188b-deb9-46ff-88a9-db0d1f5d34f6,pop8,POP Series 8,POP Series 8,2008-09-01,17,17,17,29
en,en:tcgdex-796afd47e430-full-primary-2026-08-19,4b1e9001-6612-42bc-94ac-427b346006ee,dp7,Stormfront,Stormfront,2008-11-01,100,106,106,204
en,en:tcgdex-796afd47e430-full-primary-2026-08-19,772c70cd-95c5-4912-9468-3b5a3043f2cf,pl1,Platinum,Platinum,2009-02-11,127,133,133,257
en,en:tcgdex-796afd47e430-full-primary-2026-08-19,fd0c8655-1296-4913-8d91-74783836cd59,pop9,POP Series 9,POP Series 9,2009-03-01,17,17,17,22
en,en:tcgdex-796afd47e430-full-primary-2026-08-19,7c7f44f6-750c-4035-8b59-55f6bc45e26d,pl2,Rising Rivals,Rising Rivals,2009-05-16,111,120,120,228
en,en:tcgdex-796afd47e430-full-primary-2026-08-19,3e60ee1c-a63d-4473-8315-da90535f25cb,pl3,Supreme Victors,Supreme Victors,2009-08-19,147,153,153,297
en,en:tcgdex-796afd47e430-full-primary-2026-08-19,9b581912-773f-4599-a94f-ab01fe9e0f4d,pl4,Arceus,Arceus,2009-11-04,99,111,111,207
en,en:tcgdex-796afd47e430-full-primary-2026-08-19,a05be832-81a3-4f39-9fb2-0be6c0c73727,ru1,Pokémon Rumble,Pokémon Rumble,2009-12-02,16,16,16,16
en,en:tcgdex-796afd47e430-full-primary-2026-08-19,15cacaa9-5700-4067-b731-ca2bc452d5b7,hgss1,HeartGold SoulSilver,HeartGold SoulSilver,2010-02-10,123,124,124,239
en,en:tcgdex-796afd47e430-full-primary-2026-08-19,5de74297-bb54-4c56-8b1a-701f89e41bc4,hgssp,HGSS Black Star Promos,HGSS Black Star Promos,2010-02-11,25,25,25,25
en,en:tcgdex-796afd47e430-full-primary-2026-08-19,2639902b-8106-4b20-8494-4ddfb42d5ecb,tk-hs-g,HS trainer Kit (Gyarados),HS trainer Kit (Gyarados),2010-05-01,30,30,30,30
en,en:tcgdex-796afd47e430-full-primary-2026-08-19,89a62c7e-a41c-4502-8f66-ffcf344c763e,tk-hs-r,HS trainer Kit (Raichu),HS trainer Kit (Raichu),2010-05-01,30,30,30,30
en,en:tcgdex-796afd47e430-full-primary-2026-08-19,3be0e25e-8dbf-4edd-a75c-aae48dd673a8,hgss2,Unleashed,Unleashed,2010-05-12,95,96,96,184
en,en:tcgdex-796afd47e430-full-primary-2026-08-19,d48bebfe-e9a9-4b0c-adc9-cec8e109d93c,hgss3,Undaunted,Undaunted,2010-08-18,90,91,91,177
en,en:tcgdex-796afd47e430-full-primary-2026-08-19,623e0960-fbbf-4803-af40-960f3e0bbf9d,hgss4,Triumphant,Triumphant,2010-11-03,102,103,103,201
en,en:tcgdex-796afd47e430-full-primary-2026-08-19,969c83b1-1004-4af8-8ef8-d724656bdc35,col1,Call of Legends,Call of Legends,2011-02-09,95,106,106,193
en,en:tcgdex-796afd47e430-full-primary-2026-08-19,20459d78-825a-4dfa-b7ae-c0c97b8994f6,bw1,Black & White,Black & White,2011-04-25,114,115,115,115
en,en:tcgdex-796afd47e430-full-primary-2026-08-19,ba16466a-a048-4563-acf2-5507fa211b96,bwp,BW Black Star Promos,BW Black Star Promos,2011-04-26,101,101,101,101
en,en:tcgdex-796afd47e430-full-primary-2026-08-19,0a2d5c3e-9da1-4af5-acc6-584485d8777e,2011bw,McDonald's Collection 2011,McDonald's Collection 2011,2011-06-17,12,12,12,12
en,en:tcgdex-796afd47e430-full-primary-2026-08-19,68e39d0d-c5de-4326-ae1b-51042e556edd,bw2,Emerging Powers,Emerging Powers,2011-08-31,98,98,98,98
en,en:tcgdex-796afd47e430-full-primary-2026-08-19,846c1403-d1e7-4927-870e-45ae52a1fa77,tk-bw-e,BW trainer Kit (Excadrill),BW trainer Kit (Excadrill),2011-09-01,30,30,30,30
en,en:tcgdex-796afd47e430-full-primary-2026-08-19,7d416292-8ac3-40a0-8696-d3988e68876c,tk-bw-z,BW trainer Kit (Zoroark),BW trainer Kit (Zoroark),2011-09-01,30,30,30,30
en,en:tcgdex-796afd47e430-full-primary-2026-08-19,3b49aa99-9b03-4b32-bce4-1fb67f167345,bw3,Noble Victories,Noble Victories,2011-11-16,101,102,102,102
en,en:tcgdex-796afd47e430-full-primary-2026-08-19,383cab7b-dbc3-4d4d-96e3-d07f4f1b6744,bw4,Next Destinies,Next Destinies,2012-02-08,99,103,103,103
en,en:tcgdex-796afd47e430-full-primary-2026-08-19,62bc12c6-68e4-49a9-86b4-14db3025510f,bw5,Dark Explorers,Dark Explorers,2012-05-09,108,111,111,111
en,en:tcgdex-796afd47e430-full-primary-2026-08-19,56e5b9e8-80b4-4e23-ad0c-5f86afc6759c,2012bw,McDonald's Collection 2012,McDonald's Collection 2012,2012-06-15,12,12,12,12
en,en:tcgdex-796afd47e430-full-primary-2026-08-19,ec087b67-2763-4b92-a34f-4183bc25649e,bw6,Dragons Exalted,Dragons Exalted,2012-08-15,124,128,128,128
en,en:tcgdex-796afd47e430-full-primary-2026-08-19,f0ca524e-701d-4ff4-b9cf-ea9eec7eec58,dv1,Dragon Vault,Dragon Vault,2012-10-05,20,21,21,21
en,en:tcgdex-796afd47e430-full-primary-2026-08-19,e0849e8a-ee89-4443-9ab9-639d31db4e85,bw7,Boundaries Crossed,Boundaries Crossed,2012-11-07,149,153,153,153
en,en:tcgdex-796afd47e430-full-primary-2026-08-19,42e19a74-eaac-4889-92bd-085e35f708ef,bw8,Plasma Storm,Plasma Storm,2013-02-06,135,138,138,138
en,en:tcgdex-796afd47e430-full-primary-2026-08-19,b78899e7-ea1a-442b-85af-041bd9609377,bw9,Plasma Freeze,Plasma Freeze,2013-05-08,116,122,122,122
en,en:tcgdex-796afd47e430-full-primary-2026-08-19,07fafdb9-7130-41c5-a076-301d8ca5070e,bw10,Plasma Blast,Plasma Blast,2013-08-14,101,105,105,105
en,en:tcgdex-796afd47e430-full-primary-2026-08-19,603fd3a2-e829-4ca3-bb6d-3c235cde5373,xyp,XY Black Star Promos,XY Black Star Promos,2013-10-12,211,216,216,216
en,en:tcgdex-796afd47e430-full-primary-2026-08-19,276f194e-1d23-4d12-a13a-4ebf211588bd,bw11,Legendary Treasures,Legendary Treasures,2013-11-06,113,140,140,140
en,en:tcgdex-796afd47e430-full-primary-2026-08-19,f5e20b43-349e-466d-a0d3-d9b8950c4281,xy0,Kalos Starter Set,Kalos Starter Set,2013-11-08,39,39,39,39
en,en:tcgdex-796afd47e430-full-primary-2026-08-19,5d30fc31-1040-4140-8c02-ea1dcdb57955,xy1,XY,XY,2014-02-05,146,146,146,146
en,en:tcgdex-796afd47e430-full-primary-2026-08-19,b9ec08c9-c68e-4bd0-9b7b-1bc84203d8f7,xya,Yellow A Alternate,Yellow A Alternate,2014-02-05,6,6,6,6
en,en:tcgdex-796afd47e430-full-primary-2026-08-19,9b3f2e2d-f527-49d7-84ec-ede2f6a54f90,tk-xy-n,XY trainer Kit (Noivern),XY trainer Kit (Noivern),2014-03-12,30,30,30,30
en,en:tcgdex-796afd47e430-full-primary-2026-08-19,459b58d7-001d-4653-9e26-5e0f164a710f,tk-xy-sy,XY trainer Kit (Sylveon),XY trainer Kit (Sylveon),2014-03-12,30,30,30,30
en,en:tcgdex-796afd47e430-full-primary-2026-08-19,cbfa835f-4cc7-466f-8945-91e25831a94e,xy2,Flashfire,Flashfire,2014-05-07,106,110,110,110
en,en:tcgdex-796afd47e430-full-primary-2026-08-19,19f359e2-c29f-498f-8bf6-fc19c122a361,2014xy,McDonald's Collection 2014,McDonald's Collection 2014,2014-05-23,12,12,12,12
en,en:tcgdex-796afd47e430-full-primary-2026-08-19,2924aa8a-c471-4c3a-a98a-031ae26a8e1d,xy3,Furious Fists,Furious Fists,2014-08-13,111,114,114,114
en,en:tcgdex-796afd47e430-full-primary-2026-08-19,12cede6a-64b0-4fe1-9450-d70056d82cb5,tk-xy-b,XY trainer Kit (Bisharp),XY trainer Kit (Bisharp),2014-11-01,30,30,30,30
en,en:tcgdex-796afd47e430-full-primary-2026-08-19,75c049f3-031f-4819-99cf-a02c6fe9c5bb,tk-xy-w,XY trainer Kit (Wigglytuff),XY trainer Kit (Wigglytuff),2014-11-01,30,30,30,30
en,en:tcgdex-796afd47e430-full-primary-2026-08-19,f382341d-5f76-40fe-8fe7-42e798790dc2,xy4,Phantom Forces,Phantom Forces,2014-11-05,119,124,124,124
en,en:tcgdex-796afd47e430-full-primary-2026-08-19,d309b26d-8418-4d8c-a8e1-4c028fe859cc,xy5,Primal Clash,Primal Clash,2015-02-04,160,164,164,164
en,en:tcgdex-796afd47e430-full-primary-2026-08-19,8fd3d411-bc40-44f6-a5e0-b69d45b57326,dc1,Double Crisis,Double Crisis,2015-03-25,34,34,34,34
en,en:tcgdex-796afd47e430-full-primary-2026-08-19,dae37fb1-7d7a-47d2-8d4b-de7de16a6b0e,tk-xy-latia,XY trainer Kit (Latias),XY trainer Kit (Latias),2015-04-29,30,30,30,30
en,en:tcgdex-796afd47e430-full-primary-2026-08-19,fffca854-8bf1-4f89-9a38-ea2b0a47f055,tk-xy-latio,XY trainer Kit (Latios),XY trainer Kit (Latios),2015-04-29,30,30,30,30
en,en:tcgdex-796afd47e430-full-primary-2026-08-19,7bb54d57-5eef-43b5-a632-ad4242cb2784,xy6,Roaring Skies,Roaring Skies,2015-05-06,108,112,112,112
en,en:tcgdex-796afd47e430-full-primary-2026-08-19,fedab5a7-4bc0-4a45-8423-3d3054cece6e,xy7,Ancient Origins,Ancient Origins,2015-08-12,98,101,101,101
en,en:tcgdex-796afd47e430-full-primary-2026-08-19,85bda8bb-6ecf-444d-858b-1c2946a0427b,xy8,BREAKthrough,BREAKthrough,2015-11-04,162,165,165,165
en,en:tcgdex-796afd47e430-full-primary-2026-08-19,f7706a1b-61bc-4ff9-900c-5841034a5be6,2015xy,McDonald's Collection 2015,McDonald's Collection 2015,2015-11-27,12,12,12,12
en,en:tcgdex-796afd47e430-full-primary-2026-08-19,2ba4eb07-8ffa-4e73-b9f3-78f8bd53d9e9,xy9,BREAKpoint,BREAKpoint,2016-02-03,122,126,126,126
en,en:tcgdex-796afd47e430-full-primary-2026-08-19,63a759b9-e68f-481c-89ca-b77635a3f120,g1,Generations,Generations,2016-02-22,83,117,117,117
en,en:tcgdex-796afd47e430-full-primary-2026-08-19,2611a280-4fe7-4cd2-9728-fad2d5537150,tk-xy-p,XY trainer Kit (Pikachu Libre),XY trainer Kit (Pikachu Libre),2016-04-27,30,30,30,30
en,en:tcgdex-796afd47e430-full-primary-2026-08-19,f96f987b-5997-4089-ab84-34879d0428dc,tk-xy-su,XY trainer Kit (Suicune),XY trainer Kit (Suicune),2016-04-27,30,30,30,30
en,en:tcgdex-796afd47e430-full-primary-2026-08-19,e40d96fe-ebdb-4c92-9259-6d5086d079bb,xy10,Fates Collide,Fates Collide,2016-05-02,124,129,129,129
en,en:tcgdex-796afd47e430-full-primary-2026-08-19,06f60708-8672-47d5-8dd2-4fa63b425efe,xy11,Steam Siege,Steam Siege,2016-08-03,114,116,116,116
en,en:tcgdex-796afd47e430-full-primary-2026-08-19,9722bbd8-e6d1-49ac-b080-ff9be30589bc,2016xy,McDonald's Collection 2016,McDonald's Collection 2016,2016-08-20,12,12,12,12
en,en:tcgdex-796afd47e430-full-primary-2026-08-19,be4122a9-7944-449b-af87-f53b14217fd7,xy12,Evolutions,Evolutions,2016-11-02,108,113,113,113
en,en:tcgdex-796afd47e430-full-primary-2026-08-19,ad42d9fa-77e8-4ea4-a591-0591acd4e853,sm1,Sun & Moon,Sun & Moon,2017-02-03,149,172,172,172
en,en:tcgdex-796afd47e430-full-primary-2026-08-19,c5bc0f58-c30c-4115-acc9-3a6d64420cda,smp,SM Black Star Promos,SM Black Star Promos,2017-02-03,248,248,248,248
en,en:tcgdex-796afd47e430-full-primary-2026-08-19,e9d92d46-a669-424a-a8b0-090ff19e8fd4,tk-sm-l,SM trainer Kit (Lycanroc),SM trainer Kit (Lycanroc),2017-04-21,30,18,18,18
en,en:tcgdex-796afd47e430-full-primary-2026-08-19,6bbc266c-3ebc-4f6e-a3a5-d8a6d40427b7,tk-sm-r,SM trainer Kit (Alolan Raichu),SM trainer Kit (Alolan Raichu),2017-04-21,30,30,30,30
en,en:tcgdex-796afd47e430-full-primary-2026-08-19,84d8a262-794d-45ee-9d65-ba8528ed1f76,sm2,Guardians Rising,Guardians Rising,2017-05-05,145,169,169,169
en,en:tcgdex-796afd47e430-full-primary-2026-08-19,d1eb29f2-3d49-447e-8f98-e3994b661350,2017sm,McDonald's Collection 2017,McDonald's Collection 2017,2017-08-03,12,12,12,12
en,en:tcgdex-796afd47e430-full-primary-2026-08-19,0fe827db-b417-4ff2-8506-536546338e74,sm3,Burning Shadows,Burning Shadows,2017-08-04,147,169,169,289
en,en:tcgdex-796afd47e430-full-primary-2026-08-19,944a1f4e-a7cd-4ff1-a8ec-cc8f35d3c6d0,sm3.5,Shining Legends,Shining Legends,2017-10-06,73,78,78,78
en,en:tcgdex-796afd47e430-full-primary-2026-08-19,cc5b8c70-db14-4fa9-af42-4c43a1bedbd0,sm4,Crimson Invasion,Crimson Invasion,2017-11-03,111,125,125,125
en,en:tcgdex-796afd47e430-full-primary-2026-08-19,eb6b35a6-91b3-4ff8-b739-a89f072646ef,sm5,Ultra Prism,Ultra Prism,2018-02-02,156,173,173,173
en,en:tcgdex-796afd47e430-full-primary-2026-08-19,d1bbf0dd-20e9-47f9-927f-7e7a7a555642,sm6,Forbidden Light,Forbidden Light,2018-05-04,131,146,146,146
en,en:tcgdex-796afd47e430-full-primary-2026-08-19,01f1a9bb-9eda-4137-a544-c065bb920545,sm7,Celestial Storm,Celestial Storm,2018-08-03,168,183,183,183
en,en:tcgdex-796afd47e430-full-primary-2026-08-19,702e4fd6-5396-43b5-a98f-a736e7dcd48c,sm7.5,Dragon Majesty,Dragon Majesty,2018-09-07,70,78,78,78
en,en:tcgdex-796afd47e430-full-primary-2026-08-19,c770d934-a953-4923-a411-4a17b422bb96,2018sm,McDonald's Collection 2018,McDonald's Collection 2018,2018-10-19,12,12,12,12
en,en:tcgdex-796afd47e430-full-primary-2026-08-19,d237001c-03b2-424f-8855-6c459ef57b43,sm8,Lost Thunder,Lost Thunder,2018-11-02,214,236,236,236
en,en:tcgdex-796afd47e430-full-primary-2026-08-19,67484037-191a-4fd6-bf2e-8e2dbf46e36b,sm9,Team Up,Team Up,2019-01-31,181,196,196,196
en,en:tcgdex-796afd47e430-full-primary-2026-08-19,e7ecfeee-b142-47e3-ad78-6fad8841a0e0,det1,Detective Pikachu,Detective Pikachu,2019-03-29,18,18,18,18
en,en:tcgdex-796afd47e430-full-primary-2026-08-19,f77f15b5-a8c7-42be-8f28-297180da8ae3,sm10,Unbroken Bonds,Unbroken Bonds,2019-05-03,214,234,234,234
en,en:tcgdex-796afd47e430-full-primary-2026-08-19,899893bc-ede1-4d5a-bb04-54bccf247110,sm11,Unified Minds,Unified Minds,2019-08-02,236,258,258,258
en,en:tcgdex-796afd47e430-full-primary-2026-08-19,60749dc8-20cb-428f-a410-35e1200cea03,sm115,Hidden Fates,Hidden Fates,2019-08-23,68,69,69,69
en,en:tcgdex-796afd47e430-full-primary-2026-08-19,fde121ce-e43c-4851-ac6c-8b151d7d0ab8,sma,Hidden Fates Shiny Vault,Hidden Fates Shiny Vault,2019-08-23,94,94,94,94
en,en:tcgdex-796afd47e430-full-primary-2026-08-19,0ca6f0b6-6971-4342-8d0b-9c9a44e195e3,2019sm,McDonald's Collection 2019,McDonald's Collection 2019,2019-10-15,12,12,12,12
en,en:tcgdex-796afd47e430-full-primary-2026-08-19,b3e4c7e0-f614-4b04-929a-b8c1cfc8609e,sm12,Cosmic Eclipse,Cosmic Eclipse,2019-11-01,236,271,271,271
en,en:tcgdex-796afd47e430-full-primary-2026-08-19,ef15c432-0542-4fee-ba25-b4719b9d4f84,swshp,SWSH Black Star Promos,SWSH Black Star Promos,2019-11-15,307,307,305,305
en,en:tcgdex-796afd47e430-full-primary-2026-08-19,b6278586-87f3-46cd-8860-85df64612cfc,swsh1,Sword & Shield,Sword & Shield,2020-02-07,202,216,216,380
en,en:tcgdex-796afd47e430-full-primary-2026-08-19,564ce799-f9bc-43a1-a70a-bd6d5b0dfe76,swsh2,Rebel Clash,Rebel Clash,2020-05-01,192,209,209,361
en,en:tcgdex-796afd47e430-full-primary-2026-08-19,fef7d309-9879-4639-9e4c-8d80122f0f3a,swsh3,Darkness Ablaze,Darkness Ablaze,2020-08-14,189,201,201,358
en,en:tcgdex-796afd47e430-full-primary-2026-08-19,106ceeb1-5af7-4d5d-99ba-d37af82193e8,fut2020,Pokémon Futsal 2020,Pokémon Futsal 2020,2020-09-11,5,5,5,5
en,en:tcgdex-796afd47e430-full-primary-2026-08-19,317430c1-52e0-420f-a17e-2efbcc43dec6,swsh3.5,Champion's Path,Champion's Path,2020-09-25,73,80,80,134
en,en:tcgdex-796afd47e430-full-primary-2026-08-19,c40a79a9-69f9-482b-aa3b-0867059eb66d,swsh4,Vivid Voltage,Vivid Voltage,2020-11-13,185,203,203,347
en,en:tcgdex-796afd47e430-full-primary-2026-08-19,e41708b6-e58e-4e98-970e-0bb97f4fd03e,2021swsh,McDonald's Collection 2021,McDonald's Collection 2021,2021-02-09,25,25,25,50
en,en:tcgdex-796afd47e430-full-primary-2026-08-19,1b9afc9d-bce8-4cff-819a-884ddf2f8f76,swsh4.5,Shining Fates,Shining Fates,2021-02-19,72,73,73,120
en,en:tcgdex-796afd47e430-full-primary-2026-08-19,3d504918-a4a4-4ec6-9ba5-f51d676832e5,swsh4.5sv,Shining Fates Shiny Vault,Shining Fates Shiny Vault,2021-02-19,122,122,122,122
en,en:tcgdex-796afd47e430-full-primary-2026-08-19,04dc5049-cf3a-4e5e-ad1e-85c077d03cce,swsh5,Battle Styles,Battle Styles,2021-03-19,163,183,183,308
en,en:tcgdex-796afd47e430-full-primary-2026-08-19,2fd9b10d-505e-44af-9ec6-b01e7da63c1f,swsh6,Chilling Reign,Chilling Reign,2021-06-18,198,233,233,370
en,en:tcgdex-796afd47e430-full-primary-2026-08-19,5534149f-25ec-4195-b873-7dfbe40e5aac,swsh7,Evolving Skies,Evolving Skies,2021-08-27,203,237,237,370
en,en:tcgdex-796afd47e430-full-primary-2026-08-19,d8804c74-d99d-4bea-a0ba-9c7a94caa4e2,cel25,Celebrations,Celebrations,2021-10-08,25,25,25,25
en,en:tcgdex-796afd47e430-full-primary-2026-08-19,1005554b-9bfc-495b-b50e-561193bec4f8,cel25cc,Celebrations Classic Collection,Celebrations Classic Collection,2021-10-08,25,25,25,25
en,en:tcgdex-796afd47e430-full-primary-2026-08-19,6032d5e3-a6c5-41a5-a2f2-0edb343e092b,swsh8,Fusion Strike,Fusion Strike,2021-11-12,264,284,284,502
en,en:tcgdex-796afd47e430-full-primary-2026-08-19,c70da69d-57d8-4ea3-9952-b27882fef91e,swsh9,Brilliant Stars,Brilliant Stars,2022-02-25,172,186,186,310
en,en:tcgdex-796afd47e430-full-primary-2026-08-19,5e30dc45-bf56-46f4-85b4-292542f86ecf,swsh9tg,Brilliant Stars Trainer Gallery,Brilliant Stars Trainer Gallery,2022-02-25,30,30,30,32
en,en:tcgdex-796afd47e430-full-primary-2026-08-19,819d7be8-9fa9-4f20-975c-9328a7ffbd9c,swsh10,Astral Radiance,Astral Radiance,2022-05-27,189,216,216,345
en,en:tcgdex-796afd47e430-full-primary-2026-08-19,f29d8d09-3abb-4527-9eec-bf138f50dd38,swsh10tg,Astral Radiance Trainer Gallery,Astral Radiance Trainer Gallery,2022-05-27,30,30,30,30
en,en:tcgdex-796afd47e430-full-primary-2026-08-19,ffec8524-253a-4e66-884c-7e647a15d40d,swsh10.5,Pokémon GO,Pokémon GO,2022-07-01,78,88,88,148
en,en:tcgdex-796afd47e430-full-primary-2026-08-19,172317e0-1eb4-42a7-8624-532af705da6c,2022swsh,McDonald's Collection 2022,McDonald's Collection 2022,2022-08-03,15,15,15,15
en,en:tcgdex-796afd47e430-full-primary-2026-08-19,d91046d7-be79-4824-960a-4a0979f023a0,swsh11,Lost Origin,Lost Origin,2022-09-09,196,217,217,367
en,en:tcgdex-796afd47e430-full-primary-2026-08-19,e6de4739-e58c-460b-851e-856234d8c3a4,swsh11tg,Lost Origin Trainer Gallery,Lost Origin Trainer Gallery,2022-09-09,30,30,30,30
en,en:tcgdex-796afd47e430-full-primary-2026-08-19,09351915-b132-4be6-b98e-aa773aac65ad,swsh12,Silver Tempest,Silver Tempest,2022-11-11,195,215,215,359
en,en:tcgdex-796afd47e430-full-primary-2026-08-19,422dfa7c-c4a6-4aa8-8c07-6633df0c1ab9,swsh12tg,Silver Tempest Trainer Gallery,Silver Tempest Trainer Gallery,2022-11-11,30,30,30,30
en,en:tcgdex-796afd47e430-full-primary-2026-08-19,42096fc0-51f2-4805-a114-e6f2811a0c49,swsh12.5,Crown Zenith,Crown Zenith,2023-01-20,159,160,160,272
en,en:tcgdex-796afd47e430-full-primary-2026-08-19,8bb033f3-6059-4f5f-a021-c363241092a1,swsh12.5gg,Crown Zenith Galarian Gallery,Crown Zenith Galarian Gallery,2023-01-20,70,70,70,70
en,en:tcgdex-796afd47e430-full-primary-2026-08-19,23addc10-7c42-4f3d-aa94-21a2a6ec6011,sv01,Scarlet & Violet,Scarlet & Violet,2023-03-31,198,258,258,444
en,en:tcgdex-796afd47e430-full-primary-2026-08-19,dba20c6b-1ded-41d5-b44e-ad70bbf94ac8,sve,Scarlet & Violet Energy,Scarlet & Violet Energy,2023-03-31,24,24,24,48
en,en:tcgdex-796afd47e430-full-primary-2026-08-19,6700cb91-6deb-45ab-935a-0f262b32dd59,svp,SVP Black Star Promos,SVP Black Star Promos,2023-03-31,225,226,226,227
en,en:tcgdex-796afd47e430-full-primary-2026-08-19,33342e0c-da19-4d33-a5c3-df0ede2260f4,sv02,Paldea Evolved,Paldea Evolved,2023-06-09,193,279,279,461
en,en:tcgdex-796afd47e430-full-primary-2026-08-19,fc4d1c92-a354-42c1-b4d0-031e4ff6cccc,2023sv,McDonald's Collection 2023,McDonald's Collection 2023,2023-08-01,15,15,15,15
en,en:tcgdex-796afd47e430-full-primary-2026-08-19,8a4ba2ca-76e9-4f70-b0b4-7074bffe8c75,sv03,Obsidian Flames,Obsidian Flames,2023-08-11,197,230,230,425
en,en:tcgdex-796afd47e430-full-primary-2026-08-19,f2d0385c-1aae-44a9-b301-bf13da9a131e,sv03.5,151,151,2023-09-22,165,207,207,362
en,en:tcgdex-796afd47e430-full-primary-2026-08-19,460a0854-bfcb-48b9-8531-6f0565a8dd6c,mfb,My First Battle,My First Battle,2023-09-29,48,34,34,34
en,en:tcgdex-796afd47e430-full-primary-2026-08-19,5b81a847-50b5-410c-b6a2-c2a50bff76b6,sv04,Paradox Rift,Paradox Rift,2023-11-03,182,266,266,432
en,en:tcgdex-796afd47e430-full-primary-2026-08-19,47e83522-7615-40cf-b62a-ffa3c0ad55a6,sv04.5,Paldean Fates,Paldean Fates,2024-01-26,91,245,245,328
en,en:tcgdex-796afd47e430-full-primary-2026-08-19,d6df9ecd-74e4-434b-b28c-570fee69a9b9,sv05,Temporal Forces,Temporal Forces,2024-03-22,162,218,218,379
en,en:tcgdex-796afd47e430-full-primary-2026-08-19,fab8637c-da98-4be7-969e-3f558e71871f,sv06,Twilight Masquerade,Twilight Masquerade,2024-05-24,167,226,226,384
en,en:tcgdex-796afd47e430-full-primary-2026-08-19,10cc2b5d-b4e5-4c68-841b-b02b7cc4f06e,sv06.5,Shrouded Fable,Shrouded Fable,2024-08-02,64,99,99,156
en,en:tcgdex-796afd47e430-full-primary-2026-08-19,2a6febb5-52ca-485d-885d-7d0adc094540,sv07,Stellar Crown,Stellar Crown,2024-09-13,142,175,175,304
en,en:tcgdex-796afd47e430-full-primary-2026-08-19,ab0614ce-3998-47d1-8f23-8b94291c0a01,A1,Genetic Apex,Genetic Apex,2024-10-30,226,286,286,286
en,en:tcgdex-796afd47e430-full-primary-2026-08-19,06abb851-f530-4fc2-b672-2cdccfce77ba,P-A,Promos-A,Promos-A,2024-10-30,0,100,100,100
en,en:tcgdex-796afd47e430-full-primary-2026-08-19,6203fef9-a8e6-4b20-b80a-68447b2166fc,sv08,Surging Sparks,Surging Sparks,2024-11-08,191,252,252,422
en,en:tcgdex-796afd47e430-full-primary-2026-08-19,824ba136-9796-464c-8869-b5e495014940,2024sv,McDonald's Collection 2024,McDonald's Collection 2024,2024-12-04,15,15,15,15
en,en:tcgdex-796afd47e430-full-primary-2026-08-19,031dada1-c3f5-46b4-bea0-e1298313d3fd,A1a,Mythical Island,Mythical Island,2024-12-17,68,86,86,86
en,en:tcgdex-796afd47e430-full-primary-2026-08-19,fb3cd93c-9006-42f5-b026-96a9fedcf269,sv08.5,Prismatic Evolutions,Prismatic Evolutions,2025-01-17,131,180,180,281
en,en:tcgdex-796afd47e430-full-primary-2026-08-19,eefed2f2-de7e-4793-91a6-638ffc5c827b,A2,Space-Time Smackdown,Space-Time Smackdown,2025-01-30,140,207,207,207
en,en:tcgdex-796afd47e430-full-primary-2026-08-19,07c7e672-44f6-49a6-91e1-188946e63cf4,A2a,Triumphant Light,Triumphant Light,2025-02-28,75,96,96,96
en,en:tcgdex-796afd47e430-full-primary-2026-08-19,028e6f0e-6622-4f04-8197-619e862f3a36,A2b,Shining Revelry,Shining Revelry,2025-03-27,72,111,111,111
en,en:tcgdex-796afd47e430-full-primary-2026-08-19,4f3046f3-9ab7-4068-a7df-dbe2b08c263c,sv09,Journey Together,Journey Together,2025-03-28,159,190,190,349
en,en:tcgdex-796afd47e430-full-primary-2026-08-19,85b2a4da-abc0-4912-a4ac-99a9b6dc57f1,A3,Celestial Guardians,Celestial Guardians,2025-04-30,155,239,239,239
en,en:tcgdex-796afd47e430-full-primary-2026-08-19,0fa8d92e-35d1-480c-a2b6-b058e89ba64a,A3a,Extradimensional Crisis,Extradimensional Crisis,2025-05-29,69,103,103,103
en,en:tcgdex-796afd47e430-full-primary-2026-08-19,8794c18f-e977-4e4a-965e-a0cb712435be,sv10,Destined Rivals,Destined Rivals,2025-05-30,182,244,244,416
en,en:tcgdex-796afd47e430-full-primary-2026-08-19,9a7c9793-1021-44af-a04d-0405d26b8239,A3b,Eevee Grove,Eevee Grove,2025-06-26,69,107,107,107
en,en:tcgdex-796afd47e430-full-primary-2026-08-19,ba4fbfd1-901d-4a00-b27f-a30eb8946bb2,sv10.5b,Black Bolt,Black Bolt,2025-07-17,86,172,172,254
en,en:tcgdex-796afd47e430-full-primary-2026-08-19,e7196d4a-f97d-466a-853c-87c58d6456cd,sv10.5w,White Flare,White Flare,2025-07-17,86,173,173,255
en,en:tcgdex-796afd47e430-full-primary-2026-08-19,7710e7b2-b877-46bb-9438-57f4ab99a1f1,A4,Wisdom of Sea and Sky,Wisdom of Sea and Sky,2025-07-30,161,241,241,241
en,en:tcgdex-796afd47e430-full-primary-2026-08-19,9307a663-1764-4ff0-8f86-ff22280f7b49,A4a,Secluded Springs,Secluded Springs,2025-08-28,71,105,105,105
en,en:tcgdex-796afd47e430-full-primary-2026-08-19,6f4ff21c-f7e5-42bd-9ac1-ce0212ae1061,mee,Mega Evolution Energy,Mega Evolution Energy,2025-09-25,8,8,8,16
en,en:tcgdex-796afd47e430-full-primary-2026-08-19,42d59aab-eccf-413f-8c19-d88f63664057,me01,Mega Evolution,Mega Evolution,2025-09-26,132,188,188,328
en,en:tcgdex-796afd47e430-full-primary-2026-08-19,36c13b17-0e5f-42aa-a7c9-9ff7acd71e01,mep,MEP Black Star Promos,MEP Black Star Promos,2025-09-26,0,89,89,89
en,en:tcgdex-796afd47e430-full-primary-2026-08-19,47b17175-557f-4d97-ac58-2fb65f698ea6,B1,Mega Rising,Mega Rising,2025-10-30,226,331,331,331
en,en:tcgdex-796afd47e430-full-primary-2026-08-19,977bf107-e10c-4d93-a7a4-3d7b775c5003,me02,Phantasmal Flames,Phantasmal Flames,2025-11-14,94,130,130,218
en,en:tcgdex-796afd47e430-full-primary-2026-08-19,a3dba415-055a-463f-be5c-1c9fc8c5f387,B1a,Crimson Blaze,Crimson Blaze,2025-12-17,69,103,103,103
en,en:tcgdex-796afd47e430-full-primary-2026-08-19,66542fcc-a805-41d3-9390-f51faf82f570,B2,Fantastical Parade,Fantastical Parade,2026-01-29,155,234,234,234
en,en:tcgdex-796afd47e430-full-primary-2026-08-19,ddc668c0-316e-4dab-8c51-625167508fd6,me02.5,Ascended Heroes,Ascended Heroes,2026-01-30,217,295,295,484
en,en:tcgdex-796afd47e430-full-primary-2026-08-19,1fe886d0-2ac6-40b4-a220-fab4538285bf,B2a,Paldean Wonders,Paldean Wonders,2026-02-26,93,131,131,131
en,en:tcgdex-796afd47e430-full-primary-2026-08-19,a6a2829a-c5e6-444f-8d92-d6e0de9fdf64,me03,Perfect Order,Perfect Order,2026-03-27,88,124,124,212
en,en:tcgdex-796afd47e430-full-primary-2026-08-19,816ff627-a585-4953-99c4-a15c9b0b80e5,me04,Chaos Rising,Chaos Rising,2026-05-22,86,122,122,201
en,en:tcgdex-796afd47e430-full-primary-2026-08-19,d6d58c17-5923-496e-94ef-5819f34ae10c,me05,Pitch Black,Pitch Black,2026-07-17,84,120,120,194
en,en:tcgdex-796afd47e430-full-primary-2026-08-19,2f77da8e-8199-4634-b30d-385565560731,PBL,Pitch Black,Pitch Black,2026-07-17,84,120,120,120
ja,ja:tcgdex-796afd47e430-full-primary-2026-08-19,46c7cd20-9ca5-4128-a244-9a04f9a4c9f7,PMCG1,拡張パック,拡張パック,1996-10-20,102,102,102,102
ja,ja:tcgdex-796afd47e430-full-primary-2026-08-19,241c45d9-b649-4243-8c3d-4524b4e9c74c,PMCG2,ポケモンジャングル,ポケモンジャングル,1997-03-05,48,48,48,48
ja,ja:tcgdex-796afd47e430-full-primary-2026-08-19,b53b7df1-df06-44dd-a931-b287efc9aec6,PMCG3,化石の秘密,化石の秘密,1997-06-21,48,48,48,48
ja,ja:tcgdex-796afd47e430-full-primary-2026-08-19,e00ac7f7-8690-407d-a011-5bc5ced0ffca,PMCG4,ロケット団,ロケット団,1997-11-21,65,65,65,66
ja,ja:tcgdex-796afd47e430-full-primary-2026-08-19,c24a6f11-2b12-4dbd-8d50-61f17e8e6a4f,PMCG5,リーダーズスタジアム,リーダーズスタジアム,1998-10-24,96,96,96,96
ja,ja:tcgdex-796afd47e430-full-primary-2026-08-19,b6e7c253-6790-49e5-8d54-34e6eb288e68,PMCG6,闇からの挑戦,闇からの挑戦,1999-06-25,98,98,98,99
ja,ja:tcgdex-796afd47e430-full-primary-2026-08-19,769fa22e-e603-41a8-b62b-920a4abc660b,neo1,金、銀、新世界へ...,金、銀、新世界へ...,2000-12-16,96,96,96,96
ja,ja:tcgdex-796afd47e430-full-primary-2026-08-19,e60f305b-5ad6-4964-b6c6-636788481ca5,neo2,遺跡をこえて...,遺跡をこえて...,2001-06-01,56,57,57,57
ja,ja:tcgdex-796afd47e430-full-primary-2026-08-19,f1b5f7cb-2472-496b-8587-1ceab0233632,VS1,ポケモンカード★VS,ポケモンカード★VS,2001-07-19,141,143,143,285
ja,ja:tcgdex-796afd47e430-full-primary-2026-08-19,a15481a7-410b-4a98-8695-3bba0db9d226,neo3,めざめる伝説,めざめる伝説,2001-09-21,57,57,57,57
ja,ja:tcgdex-796afd47e430-full-primary-2026-08-19,cdb922a5-eaec-4696-ae6f-3ad4d263c66b,web1,ポケモンカード★web,ポケモンカード★web,2001-10-19,48,48,47,47
ja,ja:tcgdex-796afd47e430-full-primary-2026-08-19,2d5f077d-14bb-4fb5-b565-1f4e10c078c9,E1,基本拡張パック,基本拡張パック,2001-12-01,128,128,128,128
ja,ja:tcgdex-796afd47e430-full-primary-2026-08-19,cdaacf04-0a7c-452d-acb0-e02ca3907106,neo4,闇、そして光へ...,闇、そして光へ...,2002-02-28,113,113,113,113
ja,ja:tcgdex-796afd47e430-full-primary-2026-08-19,c6c46c29-2f36-4586-b18f-af1269e684d2,E2,地図にない町,地図にない町,2002-03-08,92,92,92,92
ja,ja:tcgdex-796afd47e430-full-primary-2026-08-19,82510bd3-e42d-40ca-b7a1-a4a384ab42fa,E3,海からの風,海からの風,2002-05-24,87,90,90,90
ja,ja:tcgdex-796afd47e430-full-primary-2026-08-19,0ec33578-645f-4711-a3fe-8ea66090781e,E4,裂けた大地,裂けた大地,2002-08-23,88,91,91,91
ja,ja:tcgdex-796afd47e430-full-primary-2026-08-19,af405f2b-1a20-4234-a6f1-ad71711eb116,E5,神秘なる山,神秘なる山,2002-10-04,88,91,91,91
ja,ja:tcgdex-796afd47e430-full-primary-2026-08-19,13ff8457-ce34-492d-b8a0-292fd59be9a7,ADV1,拡張パック,拡張パック,2003-01-31,55,55,0,0
ja,ja:tcgdex-796afd47e430-full-primary-2026-08-19,e75e6a35-beb5-4ced-a2c9-d146f471a3fd,ADV2,砂漠のきせき,砂漠のきせき,2003-04-18,53,53,0,0
ja,ja:tcgdex-796afd47e430-full-primary-2026-08-19,3ff19dd1-048a-49b1-ad15-6a07c7351a46,ADV3,天空の覇者,天空の覇者,2003-06-25,54,54,0,0
ja,ja:tcgdex-796afd47e430-full-primary-2026-08-19,ab5b47d9-7548-4f9f-96fe-30a12f041d78,ADV4,強化拡張パックex1マグマVSアクア ふたつの野望,強化拡張パックex1マグマVSアクア ふたつの野望,2003-10-24,80,80,0,0
ja,ja:tcgdex-796afd47e430-full-primary-2026-08-19,2e6d5f2e-8528-439f-9506-e4c84df8f2dd,ADV5,とかれた封印,とかれた封印,2004-01-16,83,83,0,0
ja,ja:tcgdex-796afd47e430-full-primary-2026-08-19,8063eabc-362a-4f15-a4ec-4ed73824252d,PCG1,伝説の飛翔,伝説の飛翔,2004-04-09,82,82,82,82
ja,ja:tcgdex-796afd47e430-full-primary-2026-08-19,9fa08d47-d2cd-4829-85b6-819692a6850a,PCG2,蒼空の激突,蒼空の激突,2004-07-01,82,82,82,82
ja,ja:tcgdex-796afd47e430-full-primary-2026-08-19,12f2bb10-ec15-4783-bc9b-c946546a1abc,PCG3,ロケット団の逆襲,ロケット団の逆襲,2004-10-15,84,85,85,85
ja,ja:tcgdex-796afd47e430-full-primary-2026-08-19,af6617ed-ed99-445f-8869-5a330740efc2,PCG4,金の空、銀の海,金の空、銀の海,2005-04-08,106,106,106,106
ja,ja:tcgdex-796afd47e430-full-primary-2026-08-19,f8cb8c30-41dc-42a3-977a-23baba96fa69,PCG5,まぼろしの森,まぼろしの森,2005-06-30,86,86,86,86
ja,ja:tcgdex-796afd47e430-full-primary-2026-08-19,8fdf462f-ca9c-47e7-a92d-1936b082a12d,PCG6,ホロンの研究塔,ホロンの研究塔,2005-10-28,86,86,86,86
ja,ja:tcgdex-796afd47e430-full-primary-2026-08-19,421a8323-4094-4c7f-8622-fb6af390becc,PCG7,ホロンの幻影,ホロンの幻影,2006-01-27,52,52,52,52
ja,ja:tcgdex-796afd47e430-full-primary-2026-08-19,d832f428-8d51-4ac0-a3cf-a5d38bddb88d,PCG8,きせきの結晶,きせきの結晶,2006-03-10,75,75,75,75
ja,ja:tcgdex-796afd47e430-full-primary-2026-08-19,b5ef438a-ddcb-4093-8c9b-572639565af5,PCG9,さいはての攻防,さいはての攻防,2006-06-29,68,68,68,68
ja,ja:tcgdex-796afd47e430-full-primary-2026-08-19,81c25448-8d94-4736-a1c6-608597bc9622,PCG10,ワールドチャンピオンズパック,World Champions Pack,2007-07-05,108,108,0,0
ja,ja:tcgdex-796afd47e430-full-primary-2026-08-19,fa59f8a0-dac4-4de7-aad9-2c6efead8ed6,L1a,ハートゴールドコレクション,ハートゴールドコレクション,2009-10-09,70,70,0,0
ja,ja:tcgdex-796afd47e430-full-primary-2026-08-19,e8e16a23-fc7a-4ec8-abfe-b74448fa5f27,L1b,ソウルシルバーコレクション,ソウルシルバーコレクション,2009-10-09,70,70,0,0
ja,ja:tcgdex-796afd47e430-full-primary-2026-08-19,5801c250-0aca-4282-bfce-28ecbe3b5ee0,L2,よみがえる伝説,よみがえる伝説,2010-02-11,70,70,0,0
ja,ja:tcgdex-796afd47e430-full-primary-2026-08-19,7dbeff79-cfb7-4ac8-8a4f-d7c73a523349,LL,強化パック ロストリンク,強化パック ロストリンク,2010-04-16,40,40,0,0
ja,ja:tcgdex-796afd47e430-full-primary-2026-08-19,2f857613-7720-426d-be33-d2b71d6304e2,L3,頂上大激突,頂上大激突,2010-07-08,70,70,0,0
ja,ja:tcgdex-796afd47e430-full-primary-2026-08-19,80507fc7-d1db-433d-9374-4efa9ee190b4,XY1a,コレクションX,コレクションX,2013-12-13,60,60,0,0
ja,ja:tcgdex-796afd47e430-full-primary-2026-08-19,3ee8597c-8aef-4c8c-84a7-07b9870cb35c,XY1b,コレクションY,コレクションY,2013-12-13,60,60,0,0
ja,ja:tcgdex-796afd47e430-full-primary-2026-08-19,08b708f9-3971-4219-926d-4f7accbecaf1,XY2,ワイルドブレイズ,Wild Blaze,2014-03-15,80,87,0,0
ja,ja:tcgdex-796afd47e430-full-primary-2026-08-19,38994222-f21c-45b7-9546-8033947af026,XY3,ライジングフィスト,Rising Fist,2014-06-14,96,103,0,0
ja,ja:tcgdex-796afd47e430-full-primary-2026-08-19,4456ff35-8059-4c89-bf32-72ee17974c9f,XY4,ファントムゲート,Phantom Gate,2014-09-13,88,95,0,0
ja,ja:tcgdex-796afd47e430-full-primary-2026-08-19,29935849-0eac-4671-b4d0-8bdee32d6cb4,XY5a,ガイアボルケーノ,ガイアボルケーノ,2014-12-13,70,70,0,0
ja,ja:tcgdex-796afd47e430-full-primary-2026-08-19,a930e0e2-ed87-4a87-89ef-493b529eee93,XY5b,タイダルストーム,タイダルストーム,2014-12-13,70,70,0,0
ja,ja:tcgdex-796afd47e430-full-primary-2026-08-19,309571d8-e64b-4859-87b1-692b7e1e8083,CP1,マグマ団VSアクア団 ダブルクライシス,マグマ団VSアクア団 ダブルクライシス,2015-01-30,34,34,34,34
ja,ja:tcgdex-796afd47e430-full-primary-2026-08-19,1b5bed18-c3ec-4a9f-a022-caf94a6199f8,XY6,エメラルドブレイク,エメラルドブレイク,2015-03-14,78,78,0,0
ja,ja:tcgdex-796afd47e430-full-primary-2026-08-19,ae0e96bd-371a-44ca-8090-e773a4f10d5e,XY7,バンデットリング,Bandit Ring,2015-06-20,81,95,0,0
ja,ja:tcgdex-796afd47e430-full-primary-2026-08-19,92c2515d-e527-4909-8ecd-27b5bef5a4b6,CP2,伝説キラコレクション,伝説キラコレクション,2015-07-18,27,27,27,27
ja,ja:tcgdex-796afd47e430-full-primary-2026-08-19,13ef05bd-d69c-4a8f-aa8d-67b7d3cded50,XY8a,青い衝撃,青い衝撃,2015-09-26,59,59,0,0
ja,ja:tcgdex-796afd47e430-full-primary-2026-08-19,dbd76042-7f79-4dae-bbf4-5a096bc58e12,XY8b,赤い閃光,赤い閃光,2015-09-26,59,59,0,0
ja,ja:tcgdex-796afd47e430-full-primary-2026-08-19,9cacae59-fc63-4335-ade1-d5f81373c247,XY9,破天の怒り,破天の怒り,2015-12-11,80,80,0,0
ja,ja:tcgdex-796afd47e430-full-primary-2026-08-19,d9394254-48b4-4f36-8636-a9f358dd0742,CP3,ポケキュンコレクション,ポケキュンコレクション,2016-01-29,32,32,0,0
ja,ja:tcgdex-796afd47e430-full-primary-2026-08-19,f2f1d254-4bf3-474f-8ac1-5302b66caadf,XY10,めざめる超王,めざめる超王,2016-03-18,78,78,0,0
ja,ja:tcgdex-796afd47e430-full-primary-2026-08-19,5e580651-2147-468d-840b-765882875199,CP4,プレミアムチャンピオンパック EX×M×BREAK,Premium Champion Pack EX × M × BREAK,2016-04-16,131,140,0,0
ja,ja:tcgdex-796afd47e430-full-primary-2026-08-19,25233d9e-6a9e-459e-83fd-cb2a27353955,XY11a,爆熱の闘士,爆熱の闘士,2016-06-17,54,54,0,0
ja,ja:tcgdex-796afd47e430-full-primary-2026-08-19,9eaba296-0320-44ac-a684-004b5493703b,XY11b,冷酷の反逆者,冷酷の反逆者,2016-06-17,54,54,0,0
ja,ja:tcgdex-796afd47e430-full-primary-2026-08-19,e7f6c5dd-06a9-4b7b-a906-dab5dc4db302,CP5,冷酷の反逆者,冷酷の反逆者,2016-07-16,36,36,0,0
ja,ja:tcgdex-796afd47e430-full-primary-2026-08-19,68366d94-f72c-4025-b7e9-4b7fb8ad8071,CP6,ポケットモンスターカードゲーム 拡張パック 20th Anniversary,20th Anniversary,2016-09-16,87,103,0,0
ja,ja:tcgdex-796afd47e430-full-primary-2026-08-19,24d8e1a3-0706-4be3-87e2-b2224f680eb9,SM0,ピカチュウと新しい仲間たち,ピカチュウと新しい仲間たち,2016-11-18,4,4,0,0
ja,ja:tcgdex-796afd47e430-full-primary-2026-08-19,61ec9fe1-faa4-4d6b-a532-e8a44354a55e,SM1M,コレクションムーン,コレクションムーン,2016-12-09,60,73,73,73
ja,ja:tcgdex-796afd47e430-full-primary-2026-08-19,eab5aeee-9eb0-4bbb-bac3-96f2da23b491,SM1S,コレクションサン,コレクションサン,2016-12-09,60,73,73,73
ja,ja:tcgdex-796afd47e430-full-primary-2026-08-19,151b0439-551d-49d6-bd35-32c4d3a2de4f,SM1+,サン＆ムーン,サン＆ムーン,2017-01-27,51,68,68,68
ja,ja:tcgdex-796afd47e430-full-primary-2026-08-19,90d3234a-9c0c-4ccc-9f39-6584223e269b,SM2K,キミを待つ島々,キミを待つ島々,2017-03-17,50,61,61,61
ja,ja:tcgdex-796afd47e430-full-primary-2026-08-19,adc01317-eecf-4615-abaa-d6f6cd37bfb7,SM2L,アローラの月光,アローラの月光,2017-03-17,50,62,62,62
ja,ja:tcgdex-796afd47e430-full-primary-2026-08-19,b5e09d26-0559-4d51-b6fb-09268a860a7e,SM2+,新たなる試練の向こう,新たなる試練の向こう,2017-04-21,49,65,65,65
ja,ja:tcgdex-796afd47e430-full-primary-2026-08-19,7c4efad5-3391-4462-b911-f821c1f263dd,SM3H,闘う虹を見たか,闘う虹を見たか,2017-06-16,51,64,64,64
ja,ja:tcgdex-796afd47e430-full-primary-2026-08-19,1201d6b1-fa7e-45ac-bc22-5b2ca0f9f3bc,SM3N,光を喰らう闇,光を喰らう闇,2017-06-16,51,64,64,64
ja,ja:tcgdex-796afd47e430-full-primary-2026-08-19,efeba6f7-0d4f-48ed-a6c9-e090bf0b4eda,SM3+,ひかる伝説,ひかる伝説,2017-07-15,72,82,82,82
ja,ja:tcgdex-796afd47e430-full-primary-2026-08-19,e67e975c-a112-4a8a-816d-8233cc779ee2,SM4A,超次元の暴獣,超次元の暴獣,2017-09-15,50,61,61,61
ja,ja:tcgdex-796afd47e430-full-primary-2026-08-19,499d5b99-a6e2-47d5-ae7a-43c530430955,SM4S,覚醒の勇者,覚醒の勇者,2017-09-15,50,62,62,62
ja,ja:tcgdex-796afd47e430-full-primary-2026-08-19,366d4855-590a-4d45-b2d4-836d06b43452,SM4+,GXバトルブースト,GX Battle Boost,2017-10-20,114,125,125,125
ja,ja:tcgdex-796afd47e430-full-primary-2026-08-19,f5e90e91-1366-4e6e-bd42-02cf0ed84790,SM5M,ウルトラムーン,ウルトラムーン,2017-12-08,66,78,78,78
ja,ja:tcgdex-796afd47e430-full-primary-2026-08-19,b322af01-58cc-4e5a-8a82-b7ff829cb9c0,SM5S,ウルトラサン,ウルトラサン,2017-12-08,66,78,78,78
ja,ja:tcgdex-796afd47e430-full-primary-2026-08-19,759e4007-8afe-41e1-9a61-68adb0a05c00,SM5+,ウルトラフォース,ウルトラフォース,2018-01-19,50,63,63,63
ja,ja:tcgdex-796afd47e430-full-primary-2026-08-19,04fe9fe1-7206-4215-b9ab-ccea25916593,SM6,禁断の光,禁断の光,2018-03-02,94,110,110,110
ja,ja:tcgdex-796afd47e430-full-primary-2026-08-19,29fb4725-1b4c-4f62-9737-0730fdcdadea,SM6a,ドラゴンストーム,ドラゴンストーム,2018-04-06,53,66,66,66
ja,ja:tcgdex-796afd47e430-full-primary-2026-08-19,c7d02c37-c9b3-4d8b-ac5c-59adfe01424d,SM6b,チャンピオンロード,チャンピオンロード,2018-05-30,66,86,86,86
ja,ja:tcgdex-796afd47e430-full-primary-2026-08-19,71a1e194-2c3d-46d0-9584-25987bde2841,SM7,裂空のカリスマ,裂空のカリスマ,2018-06-01,96,112,112,112
ja,ja:tcgdex-796afd47e430-full-primary-2026-08-19,728a72e3-7bf2-4436-8ea1-92b54a8d38f6,SM7a,迅雷スパーク,迅雷スパーク,2018-08-03,50,73,73,73
ja,ja:tcgdex-796afd47e430-full-primary-2026-08-19,f34565be-80cb-47cb-914b-b4c20984cf79,SM7b,フェアリーライズ,フェアリーライズ,2018-08-03,50,63,63,63
ja,ja:tcgdex-796afd47e430-full-primary-2026-08-19,3e80bfaf-77fd-4f5d-82ec-4e407a74d722,SM8,超爆インパクト,超爆インパクト,2018-09-07,95,111,111,111
ja,ja:tcgdex-796afd47e430-full-primary-2026-08-19,3466c5e7-e660-4467-a756-44f4d5f7a853,SM8a,ダークオーダー,ダークオーダー,2018-10-05,52,65,65,65
ja,ja:tcgdex-796afd47e430-full-primary-2026-08-19,eb72605f-506f-4ab5-87f7-1aafeb95a278,SM8b,GXウルトラシャイニー,GXウルトラシャイニー,2018-10-05,150,250,250,250
ja,ja:tcgdex-796afd47e430-full-primary-2026-08-19,428cd43a-548e-4482-a81f-0d06b2869835,SM9,タッグボルト,タッグボルト,2018-12-07,95,118,118,118
ja,ja:tcgdex-796afd47e430-full-primary-2026-08-19,05f31b7b-957f-4b0d-a321-29ca7edde5d4,SM9a,ナイトユニゾン,ナイトユニゾン,2019-01-11,55,70,70,70
ja,ja:tcgdex-796afd47e430-full-primary-2026-08-19,30e027c6-8973-4b8a-93b8-682251f39f28,SM9b,フルメタルウォール,フルメタルウォール,2019-02-01,54,69,69,69
ja,ja:tcgdex-796afd47e430-full-primary-2026-08-19,520d745d-3f2d-4921-8ecd-4e4ff695493a,SM10,ダブルブレイズ,ダブルブレイズ,2019-03-01,95,116,116,116
ja,ja:tcgdex-796afd47e430-full-primary-2026-08-19,d9378aeb-aa81-4cbe-b790-c8432b66aeb5,SM10a,ジージーエンド,ジージーエンド,2019-04-05,54,69,69,69
ja,ja:tcgdex-796afd47e430-full-primary-2026-08-19,2e159940-3f5c-4ec9-8805-c53219263641,SM10b,スカイレジェンド,スカイレジェンド,2019-04-26,56,69,69,69
ja,ja:tcgdex-796afd47e430-full-primary-2026-08-19,59ec63a0-5a2a-452b-a03c-90d9264b90da,SMP2,名探偵ピカチュウ,名探偵ピカチュウ,2019-04-26,24,24,0,0
ja,ja:tcgdex-796afd47e430-full-primary-2026-08-19,d0dbab35-0a77-4dcf-a464-88bb0950bdc8,SM11,ミラクルツイン,ミラクルツイン,2019-05-31,94,115,115,115
ja,ja:tcgdex-796afd47e430-full-primary-2026-08-19,54c662ed-8c6b-428c-b07d-1bb58e74f5a0,SM11a,リミックスバウト,リミックスバウト,2019-07-05,64,80,80,80
ja,ja:tcgdex-796afd47e430-full-primary-2026-08-19,5249f6c6-8418-41fe-8283-af5948b26c63,SM11b,ドリームリーグ,ドリームリーグ,2019-08-02,49,75,75,75
ja,ja:tcgdex-796afd47e430-full-primary-2026-08-19,80ffb692-f29d-450a-95eb-a3ddd60257b8,SM12,オルタージェネシス,オルタージェネシス,2019-09-06,95,117,117,117
ja,ja:tcgdex-796afd47e430-full-primary-2026-08-19,fe68fe5a-4e40-477a-8bcc-0fa35ef392ef,SM12a,TAG TEAM GX タッグオールスターズ,TAG TEAM GX タッグオールスターズ,2019-10-04,173,226,226,226
ja,ja:tcgdex-796afd47e430-full-primary-2026-08-19,914a4e3c-d77c-4ac6-8b88-e38cd276d282,S1H,シールド,Shield,2019-12-06,60,68,0,0
ja,ja:tcgdex-796afd47e430-full-primary-2026-08-19,5287277e-bcbe-4f21-b2d3-c7187bc752dc,S1W,ソード,Sword,2019-12-06,60,68,0,0
ja,ja:tcgdex-796afd47e430-full-primary-2026-08-19,41462e36-155b-40f1-92ee-29a94b4cb353,S1a,VMAXライジング,VMAX Rising,2020-02-07,70,78,0,0
ja,ja:tcgdex-796afd47e430-full-primary-2026-08-19,50370e02-5cc9-44ce-95bd-44743d477934,S2,反逆クラッシュ,Rebellion Crash,2020-03-06,96,106,0,0
ja,ja:tcgdex-796afd47e430-full-primary-2026-08-19,d64f8486-fa52-4f0d-be4d-be6dc27d1671,S2a,爆炎ウォーカー,Explosive Walker,2020-04-24,70,78,0,0
ja,ja:tcgdex-796afd47e430-full-primary-2026-08-19,fa32c0cb-7818-4123-ab6e-9f6cfe2a9950,S3,ムゲンゾーン,Infinity Zone,2020-06-05,100,110,0,0
ja,ja:tcgdex-796afd47e430-full-primary-2026-08-19,36df02c6-0228-48fc-bb24-b1d73952cc94,S3a,伝説の鼓動,Legendary Heartbeat,2020-07-10,76,85,0,0
ja,ja:tcgdex-796afd47e430-full-primary-2026-08-19,bc55a6dd-e9c1-4413-a5a7-a4c1d2a37a90,S4,仰天のボルテッカー,Amazing Volt Tackle,2020-09-18,100,111,0,0
ja,ja:tcgdex-796afd47e430-full-primary-2026-08-19,9bd12a10-0bc3-4f75-ba74-d62c50293184,S4a,シャイニースターV,Shiny Star V,2020-11-20,190,326,0,0
ja,ja:tcgdex-796afd47e430-full-primary-2026-08-19,b4f065d4-9b38-4489-a055-cc6cc310784f,S5I,一撃マスター,一撃マスター,2021-01-22,70,91,91,91
ja,ja:tcgdex-796afd47e430-full-primary-2026-08-19,d770730a-ab9c-4e53-acfa-aff8cbec8c0b,S5R,連撃マスター,Rapid Strike Master,2021-01-22,70,81,0,0
ja,ja:tcgdex-796afd47e430-full-primary-2026-08-19,84bcceee-6caf-4ca9-b3d9-883b42773dfc,S5a,双璧のファイター,Matchless Fighters,2021-03-19,70,84,0,0
ja,ja:tcgdex-796afd47e430-full-primary-2026-08-19,60d3fc64-7e36-473b-ae5c-b071c5aa6c98,S6H,白銀のランス,白銀のランス,2021-04-23,70,95,95,95
ja,ja:tcgdex-796afd47e430-full-primary-2026-08-19,bbb71d0a-367a-466e-970f-2f841fea6e98,S6K,漆黒のガイスト,漆黒のガイスト,2021-04-23,70,95,95,95
ja,ja:tcgdex-796afd47e430-full-primary-2026-08-19,5659e6b4-48db-4a4c-8883-e26b64f2c41f,S6a,イーブイヒーローズ,Eevee Heroes,2021-05-28,69,87,0,0
ja,ja:tcgdex-796afd47e430-full-primary-2026-08-19,ff823ecc-020f-4804-9194-3671ce9a1a81,S7D,摩天パーフェクト,摩天パーフェクト,2021-07-09,67,90,90,90
ja,ja:tcgdex-796afd47e430-full-primary-2026-08-19,60a21d2e-cfa7-4103-ba7c-8e35f1b42070,S7R,蒼空ストリーム,Blue Sky Stream,2021-07-09,67,79,0,0
ja,ja:tcgdex-796afd47e430-full-primary-2026-08-19,5cbd3a81-6b24-4039-8559-eed8eac7877c,S8,フュージョンアーツ,フュージョンアーツ,2021-09-24,100,129,129,129
ja,ja:tcgdex-796afd47e430-full-primary-2026-08-19,8d718087-7c8e-4894-a938-2cd2a3210d2c,S8a,25th アニバーサリーコレクション,25th アニバーサリーコレクション,2021-10-22,28,28,0,0
ja,ja:tcgdex-796afd47e430-full-primary-2026-08-19,41f64718-acd1-4c40-8a40-5c67daac2cb8,S8b,VMAXクライマックス,VMAXクライマックス,2021-12-03,184,285,285,395
ja,ja:tcgdex-796afd47e430-full-primary-2026-08-19,43d798d9-3dbe-4997-a6eb-ed65af962403,S9,スターバース,スターバース,2022-01-14,100,127,127,127
ja,ja:tcgdex-796afd47e430-full-primary-2026-08-19,52d75bb6-e7a0-42a5-a847-923254ac906c,S9a,バトルリージョン,バトルリージョン,2022-02-25,67,93,93,138
ja,ja:tcgdex-796afd47e430-full-primary-2026-08-19,50fc7442-25ac-4bfc-851b-7e7bf9b30c2d,S10D,タイムゲイザー,Time Gazer,2022-04-08,67,88,0,0
ja,ja:tcgdex-796afd47e430-full-primary-2026-08-19,50caa26f-e963-4122-a83b-3399c3eea056,S10P,スペースジャグラー,スペースジャグラー,2022-04-08,67,88,88,88
ja,ja:tcgdex-796afd47e430-full-primary-2026-08-19,74fbb8bf-90ae-449f-9caa-725890af4617,S10a,ダークファンタズマ,ダークファンタズマ,2022-05-13,71,99,99,148
ja,ja:tcgdex-796afd47e430-full-primary-2026-08-19,baeee2c6-c600-422d-a4b2-6d84ac4baaba,S10b,Pokémon GO,Pokémon GO,2022-06-17,71,71,0,0
ja,ja:tcgdex-796afd47e430-full-primary-2026-08-19,18813c1f-2394-468e-91d4-7a81cf6fb201,S11,ロストアビス,ロストアビス,2022-07-15,100,127,127,127
ja,ja:tcgdex-796afd47e430-full-primary-2026-08-19,1d7afdcf-03bc-4e5e-a213-4b0439924ee9,S11a,白熱のアルカナ,白熱のアルカナ,2022-09-02,68,94,94,140
ja,ja:tcgdex-796afd47e430-full-primary-2026-08-19,7f99a1ea-2a6b-4cdc-8ac5-c484716d164b,S12,パラダイムトリガー,パラダイムトリガー,2022-10-21,98,125,125,125
ja,ja:tcgdex-796afd47e430-full-primary-2026-08-19,c20234cb-c629-4383-b107-c49b38b682ae,SV-P,スカーレット&バイオレット プロモカード,スカーレット&バイオレット プロモカード,2022-11-29,0,288,288,288
ja,ja:tcgdex-796afd47e430-full-primary-2026-08-19,d6a23ad9-7d3d-482c-a477-304584a335e3,S12a,VSTARユニバース,VSTARユニバース,2022-12-02,172,258,258,347
ja,ja:tcgdex-796afd47e430-full-primary-2026-08-19,cf6f4a09-69a3-4497-9c40-beb1221063ea,SV1S,スカーレットex,スカーレットex,2023-01-20,78,108,108,108
ja,ja:tcgdex-796afd47e430-full-primary-2026-08-19,fffb3282-3442-41e4-b4a2-9be06199186f,SV1V,バイオレットex,バイオレットex,2023-01-20,78,108,108,108
ja,ja:tcgdex-796afd47e430-full-primary-2026-08-19,ca01c7f7-c1b0-4a4a-8aa0-e2c0f617d306,SV1a,トリプレットビート,トリプレットビート,2023-03-10,73,103,103,103
ja,ja:tcgdex-796afd47e430-full-primary-2026-08-19,44906e0e-477b-4417-a71d-5330528d3d82,SV2D,クレイバースト,クレイバースト,2023-04-14,71,99,99,99
ja,ja:tcgdex-796afd47e430-full-primary-2026-08-19,a6a65a33-74fa-48d5-bdc0-38d6eaa08ef3,SV2P,スノーハザード,スノーハザード,2023-04-14,71,99,99,99
ja,ja:tcgdex-796afd47e430-full-primary-2026-08-19,e42556b8-3e82-44bb-8c52-c06b893ee4a3,SV2a,ポケモンカード151,ポケモンカード151,2023-06-16,165,210,210,363
ja,ja:tcgdex-796afd47e430-full-primary-2026-08-19,d1ce7f2b-1f52-452e-9d90-0155bbfdb6e6,SV3,黒炎の支配者,黒炎の支配者,2023-07-28,108,141,141,141
ja,ja:tcgdex-796afd47e430-full-primary-2026-08-19,92afb596-5060-44b4-a53a-12d815e94f52,SV3a,レイジングサーフ,レイジングサーフ,2023-09-22,62,92,92,92
ja,ja:tcgdex-796afd47e430-full-primary-2026-08-19,be25b6d3-a750-48a3-b8af-804ddc355452,SV4K,古代の咆哮,古代の咆哮,2023-10-27,66,95,95,95
ja,ja:tcgdex-796afd47e430-full-primary-2026-08-19,344551fb-6b1b-418a-8b59-680096d4c9bf,SV4M,未来の一閃,未来の一閃,2023-10-27,66,95,95,95
ja,ja:tcgdex-796afd47e430-full-primary-2026-08-19,9e539009-b72c-43e2-8f25-f183aa4bc4b7,SV4a,レイジングサーフ,レイジングサーフ,2023-12-01,190,320,320,413
ja,ja:tcgdex-796afd47e430-full-primary-2026-08-19,688851ac-3d75-4431-a008-664294279341,SV5K,ワイルドフォース,ワイルドフォース,2024-01-26,71,100,100,100
ja,ja:tcgdex-796afd47e430-full-primary-2026-08-19,987716a9-9030-4dc8-89c2-db2bdf1a409d,SV5M,サイバージャッジ,サイバージャッジ,2024-01-26,71,100,100,100
ja,ja:tcgdex-796afd47e430-full-primary-2026-08-19,5f94a6e3-99a2-4eba-b6c7-c689dd509da8,SV5a,クリムゾンヘイズ,クリムゾンヘイズ,2024-03-22,66,96,96,96
ja,ja:tcgdex-796afd47e430-full-primary-2026-08-19,5b61106a-7ae7-4ee6-90cc-c101fb8738b8,SV6,変幻の仮面,変幻の仮面,2024-04-26,101,133,133,133
ja,ja:tcgdex-796afd47e430-full-primary-2026-08-19,6e698306-d093-44e9-8673-cc513e36bd8d,SV6a,ナイトワンダラー,ナイトワンダラー,2024-06-07,64,94,94,94
ja,ja:tcgdex-796afd47e430-full-primary-2026-08-19,f09d1e6a-c76e-4a2d-bb45-971e54983c2d,SV7,ステラミラクル,ステラミラクル,2024-07-19,102,135,135,135
ja,ja:tcgdex-796afd47e430-full-primary-2026-08-19,a82cacd4-f799-422c-a6c6-5812f52b5471,SVK,デッキビルドBOX ステラミラクル,デッキビルドBOX ステラミラクル,2024-07-19,44,44,44,44
ja,ja:tcgdex-796afd47e430-full-primary-2026-08-19,a02f91da-e478-40a7-8dfe-7885964ad626,SVLN,スターターセット テラスタイプ：ステラ ニンフィアex,スターターセット テラスタイプ：ステラ ニンフィアex,2024-08-30,22,22,22,22
ja,ja:tcgdex-796afd47e430-full-primary-2026-08-19,c6605513-7a0b-455f-843d-d171570aa516,SVLS,スターターセット テラスタイプ：ステラ ソウブレイズex,スターターセット テラスタイプ：ステラ ソウブレイズex,2024-08-30,22,22,22,22
ja,ja:tcgdex-796afd47e430-full-primary-2026-08-19,98a82354-b058-4bda-ad66-359a7bd7c36f,SV7a,楽園ドラゴーナ,楽園ドラゴーナ,2024-09-13,64,94,94,94
ja,ja:tcgdex-796afd47e430-full-primary-2026-08-19,5f0817f3-5386-4a29-9391-0529c5fcb98b,SV8,超電ブレイカー,超電ブレイカー,2024-10-18,106,138,138,138
ja,ja:tcgdex-796afd47e430-full-primary-2026-08-19,a7459948-3544-4122-8fec-7fc6aecfd2e5,SV8a,テラスタルフェスex,テラスタルフェスex,2024-12-06,187,237,237,382
ja,ja:tcgdex-796afd47e430-full-primary-2026-08-19,a65593d7-236b-4891-9c88-670650f4faaf,SV9,バトルパートナーズ,バトルパートナーズ,2025-01-24,100,132,132,132
ja,ja:tcgdex-796afd47e430-full-primary-2026-08-19,ff9ddb2d-d5c3-4c2c-bc48-89e68ea03d96,SV9a,熱風のアリーナ,熱風のアリーナ,2025-03-14,63,92,92,92
ja,ja:tcgdex-796afd47e430-full-primary-2026-08-19,db4076ae-7ab9-408d-988c-34aa33b7b906,SV10,ロケット団の栄光,ロケット団の栄光,2025-04-18,98,132,132,132
ja,ja:tcgdex-796afd47e430-full-primary-2026-08-19,9f85e389-ab18-4448-948c-fdc067aa188b,SV11B,ブラックボルト,ブラックボルト,2025-06-06,174,174,174,254
ja,ja:tcgdex-796afd47e430-full-primary-2026-08-19,316ec693-c6dc-408c-aaca-2b57afdb9249,SV11W,ホワイトフレア,ホワイトフレア,2025-06-06,86,174,174,254
ja,ja:tcgdex-796afd47e430-full-primary-2026-08-19,f13ab591-e706-4f7c-b4c6-8fed5526ea87,M-P,メガ プロモカード,メガ プロモカード,2025-07-28,0,83,83,83
ja,ja:tcgdex-796afd47e430-full-primary-2026-08-19,a05ee14c-d4fb-4598-8470-e677e3c06f22,M1L,メガブレイブ,メガブレイブ,2025-08-01,63,92,92,92
ja,ja:tcgdex-796afd47e430-full-primary-2026-08-19,b94f87ff-5d32-436a-87e4-50149151dba0,M1S,メガシンフォニア,メガシンフォニア,2025-08-01,63,92,92,92
ja,ja:tcgdex-796afd47e430-full-primary-2026-08-19,8822dd6b-6f88-4ea6-9c59-0f766b63fc2b,M2,インフェルノX,インフェルノX,2025-09-26,80,116,116,116
ja,ja:tcgdex-796afd47e430-full-primary-2026-08-19,53abf462-8a8c-4f05-8e75-57726a38ce9e,M2a,MEGAドリームex,MEGAドリームex,2025-11-28,193,250,250,368
ja,ja:tcgdex-796afd47e430-full-primary-2026-08-19,40cb9e83-3e60-4966-8d2d-4edb02bf1ac7,MC,スタートデッキ100 バトルコレクション,スタートデッキ100 バトルコレクション,2025-12-19,742,774,774,774
ja,ja:tcgdex-796afd47e430-full-primary-2026-08-19,4be18668-d39a-44a8-831c-98e250f10538,M3,ムニキスゼロ,ムニキスゼロ,2026-01-23,80,117,117,117
ja,ja:tcgdex-796afd47e430-full-primary-2026-08-19,c263caec-8234-4348-9ade-34d25ad4e6e7,M4,ニンジャスピナー,ニンジャスピナー,2026-03-13,83,120,120,120
ja,ja:tcgdex-796afd47e430-full-primary-2026-08-19,91be8fc7-b2ed-4169-b41e-0d374e4d466a,M5,アビスアイ,アビスアイ,2026-05-22,81,118,118,118
ko,ko:api-launch-2026-08-09-v1,824c16e0-785e-4b97-9e8a-cba03559476b,CS1.5,트리플렛비트,트리플렛비트,,101,101,0,0
ko,ko:api-launch-2026-08-09-v1,51fad859-b981-4c38-ad87-370659c8faf5,CS1a,트리플렛비트,트리플렛비트,,101,101,0,0
ko,ko:api-launch-2026-08-09-v1,2f335317-ee79-4ae7-b33e-d6d17a634baf,CS1b,트리플렛비트,트리플렛비트,,101,101,0,0
ko,ko:api-launch-2026-08-09-v1,4148fa3b-2239-4edb-aec2-2e2fe11c00d4,CS2.5,트리플렛비트,트리플렛비트,,101,101,0,0
ko,ko:api-launch-2026-08-09-v1,3adac987-39bd-466f-b122-055ced8eeb58,CS2a,트리플렛비트,트리플렛비트,,101,101,0,0
ko,ko:api-launch-2026-08-09-v1,380509f7-de5d-4499-9ce1-55d9ef1dbdf4,CS2b,트리플렛비트,트리플렛비트,,101,101,0,0
ko,ko:api-launch-2026-08-09-v1,207820d0-04d1-47f7-83fe-902f3c0e754e,CS3.5,트리플렛비트,트리플렛비트,,101,101,0,0
ko,ko:api-launch-2026-08-09-v1,e27df9a1-105a-40fe-81d1-a787cb54dcee,CS3a,트리플렛비트,트리플렛비트,,101,101,0,0
ko,ko:api-launch-2026-08-09-v1,2ac44b59-465a-4013-afca-2ab82aff3f56,CS3b,트리플렛비트,트리플렛비트,,101,101,0,0
ko,ko:api-launch-2026-08-09-v1,fcc94533-20bd-46ad-a468-83a3b87d810a,CS3D,트리플렛비트,트리플렛비트,,101,101,0,0
ko,ko:api-launch-2026-08-09-v1,e7bd765f-15a3-47db-b758-6dc7ae557526,CS4,트리플렛비트,트리플렛비트,,101,101,0,0
ko,ko:api-launch-2026-08-09-v1,e8d3d1ad-3e3c-47c8-9b89-4e4fb0a996fd,CS4a,트리플렛비트,트리플렛비트,,101,101,0,0
ko,ko:api-launch-2026-08-09-v1,9a22c71c-877c-4c2a-9957-2b6f5feda3ab,CS4b,트리플렛비트,트리플렛비트,,101,101,0,0
ko,ko:api-launch-2026-08-09-v1,11b60b31-65e2-4b84-a16e-73d17019bd44,CS4Da,트리플렛비트,트리플렛비트,,101,101,0,0
ko,ko:api-launch-2026-08-09-v1,43263a49-d474-4ada-abe9-2cb849d40408,CSA,트리플렛비트,트리플렛비트,,101,101,0,0
ko,ko:api-launch-2026-08-09-v1,b203a46e-3d1d-4fcb-8e84-bd4c89974c49,S10a,다크판타스마,다크판타스마,,71,71,0,0
ko,ko:api-launch-2026-08-09-v1,1481d746-5dec-4f87-93a9-3e9a5ef5ae07,S10b,Pokémon GO,Pokémon GO,,71,71,0,0
ko,ko:api-launch-2026-08-09-v1,bd671caa-35d6-4416-8fc2-9945779e7210,S10D,타임게이저,타임게이저,,67,67,0,0
ko,ko:api-launch-2026-08-09-v1,4d1b6985-6e32-4977-9041-f06e867ba4b1,S10P,스페이스저글러,스페이스저글러,,67,67,0,0
ko,ko:api-launch-2026-08-09-v1,9af84642-1702-4c14-a462-8b94a4efe9af,S11,트리플렛비트,트리플렛비트,,100,100,0,0
ko,ko:api-launch-2026-08-09-v1,9ef396fd-31be-40e5-bfc2-aac7e04a703a,S11a,백열의 아르카나,백열의 아르카나,,68,68,0,0
ko,ko:api-launch-2026-08-09-v1,9a5afd46-8e83-4e19-b3fe-cd74057786dc,S12,패러다임트리거,패러다임트리거,,98,98,0,0
ko,ko:api-launch-2026-08-09-v1,3574ac4e-f899-4816-9711-c27f6b11db49,S12a,VSTAR 유니버스,VSTAR 유니버스,,172,172,0,0
ko,ko:api-launch-2026-08-09-v1,cef768f8-bc60-4f46-9914-ff34c4a113a9,S1a,VMAX라이징,VMAX라이징,,70,70,0,0
ko,ko:api-launch-2026-08-09-v1,950cfa44-d3f0-4ba3-a04b-c4ad8ac2ce25,S1H,실드,실드,,60,60,0,0
ko,ko:api-launch-2026-08-09-v1,bfade21e-4987-46e3-ad07-d27715115a67,S1W,소드,소드,,60,60,0,0
ko,ko:api-launch-2026-08-09-v1,2ba54962-a791-46d4-be7e-041d6722efe9,S2,반역크래시,반역크래시,,96,96,0,0
ko,ko:api-launch-2026-08-09-v1,a5486ad2-c914-493e-af31-0391e7dc2136,S2a,폭염워커,폭염워커,,70,70,0,0
ko,ko:api-launch-2026-08-09-v1,f94a3632-5483-47a9-bc1a-b8b3a3912c00,S3,무한존,무한존,,100,100,0,0
ko,ko:api-launch-2026-08-09-v1,dbb4fb71-e13c-4586-8bb8-3a72f049108e,S3a,전설의 고동,전설의 고동,,76,76,0,0
ko,ko:api-launch-2026-08-09-v1,b24a84ef-9cf9-4fe1-99a5-b6908d4558d8,S4,앙천의 볼트태클,앙천의 볼트태클,,100,100,0,0
ko,ko:api-launch-2026-08-09-v1,8a26ec9f-444b-4e0f-a4ad-ac2f6383a64b,S4a,샤이니스타V,샤이니스타V,,190,190,0,0
ko,ko:api-launch-2026-08-09-v1,52cc521a-6493-44c6-820b-77a705c9024c,S5a,쌍벽의 파이터,쌍벽의 파이터,,70,70,0,0
ko,ko:api-launch-2026-08-09-v1,c561fc4e-246e-423c-b8a7-fc2ea508ba2c,S5I,일격마스터,일격마스터,,70,70,0,0
ko,ko:api-launch-2026-08-09-v1,880492b5-1c21-4ddb-a105-e791aff11130,S5R,연격마스터,연격마스터,,70,70,0,0
ko,ko:api-launch-2026-08-09-v1,a2205adf-ee26-400a-88a5-3c027af4cc8f,S6a,이브이 히어로즈,이브이 히어로즈,,69,69,0,0
ko,ko:api-launch-2026-08-09-v1,09f8ea2b-1b82-43a8-849a-0eaba70bf916,S6H,백은의 랜스,백은의 랜스,,70,70,0,0
ko,ko:api-launch-2026-08-09-v1,e0fa8f14-6ac4-437b-8591-2cafc25b43d6,S6K,칠흑의 가이스트,칠흑의 가이스트,,70,70,0,0
ko,ko:api-launch-2026-08-09-v1,d788062e-5b00-4707-8510-2a0036e81e99,S7D,마천퍼펙트,마천퍼펙트,,67,67,0,0
ko,ko:api-launch-2026-08-09-v1,7cc1dd36-879d-4d58-95c2-22ded590c845,S7R,창공의스트림,창공의스트림,,67,67,0,0
ko,ko:api-launch-2026-08-09-v1,abbba736-ff55-4feb-bc30-737ad431e169,S8,퓨전아츠,퓨전아츠,,100,100,0,0
ko,ko:api-launch-2026-08-09-v1,fc3050ab-f999-48fe-ad93-6ab87d75d3df,S8a,25th Anniversary,25th Anniversary,,28,28,0,0
ko,ko:api-launch-2026-08-09-v1,b2cd67dc-4698-4437-9709-0811944fa47b,S8b,VMAX 클라이맥스,VMAX 클라이맥스,,184,184,0,0
ko,ko:api-launch-2026-08-09-v1,0242ed49-1d30-425b-9d98-a35a33d21c6e,S9,스타버스,스타버스,,100,100,0,0
ko,ko:api-launch-2026-08-09-v1,2433b9c4-cc30-47c5-a49b-3e1c935dbbb1,S9a,배틀리전,배틀리전,,67,67,0,0
ko,ko:api-launch-2026-08-09-v1,870022b7-3cb7-4323-9782-95e8221dff52,SM1+,썬&문,썬&문,,51,51,0,0
ko,ko:api-launch-2026-08-09-v1,4301389c-89ce-4369-9503-cf30f4d1af97,SM10,더블블레이즈,더블블레이즈,,95,95,0,0
ko,ko:api-launch-2026-08-09-v1,039a28a5-7177-4956-82ed-1acf35f5f90c,SM10a,GG엔드,GG엔드,,54,54,0,0
ko,ko:api-launch-2026-08-09-v1,b5b40ab4-78d4-4bad-8498-7e5315212c04,SM10b,스카이레전드,스카이레전드,,56,56,0,0
ko,ko:api-launch-2026-08-09-v1,406f074f-e862-463f-b5f8-d347519b0646,SM11,미라클트윈,미라클트윈,,94,94,0,0
ko,ko:api-launch-2026-08-09-v1,6879b78f-868d-4704-975a-d6cf003a95de,SM11a,리믹스바우트,리믹스바우트,,64,64,0,0
ko,ko:api-launch-2026-08-09-v1,e4e2966a-99de-4177-a7f4-5df815030380,SM11b,드림리그,드림리그,,49,49,0,0
ko,ko:api-launch-2026-08-09-v1,0214e128-4015-4481-802b-6518f59c1dce,SM12,얼터제네시스,얼터제네시스,,95,95,0,0
ko,ko:api-launch-2026-08-09-v1,1c05a0bc-8015-4441-aaac-388fd922990f,SM12a,TAG TEAM GX 태그올스타즈,TAG TEAM GX 태그올스타즈,,173,173,0,0
ko,ko:api-launch-2026-08-09-v1,3104be92-81f2-4176-ac6a-d265a9c10cad,SM1M,문 컬렉션,문 컬렉션,,60,60,0,0
ko,ko:api-launch-2026-08-09-v1,3793753b-1191-448a-a54d-b852a32dd8ee,SM1S,썬 컬렉션,썬 컬렉션,,60,60,0,0
ko,ko:api-launch-2026-08-09-v1,71a38dca-57f9-409b-90f7-d9f3a7d42c77,SM2K,알로라의 햇빛,알로라의 햇빛,,50,50,0,0
ko,ko:api-launch-2026-08-09-v1,745fc871-dc1b-4619-ab21-a14f04a3a689,SM2L,알로라의 달빛,알로라의 달빛,,50,50,0,0
ko,ko:api-launch-2026-08-09-v1,956f3586-9517-46af-9b4a-4bd3cce1872f,SM3+,빛나는 전설,빛나는 전설,,72,72,0,0
ko,ko:api-launch-2026-08-09-v1,06ae8028-7991-4a95-9d95-54bf1c141cdb,SM3H,어둠을 밝힌 무지개,어둠을 밝힌 무지개,,51,51,0,0
ko,ko:api-launch-2026-08-09-v1,ea76d814-7316-4c9f-9a56-8c510277a47e,SM3N,빛을 삼킨 어둠,빛을 삼킨 어둠,,51,51,0,0
ko,ko:api-launch-2026-08-09-v1,60268ff9-b797-4fc9-8c1f-62600566443d,SM4+,GX 배틀부스트,GX 배틀부스트,,114,114,0,0
ko,ko:api-launch-2026-08-09-v1,d0b52275-614f-47dc-951b-3244706eead2,SM4A,초차원의 침략자,초차원의 침략자,,50,50,0,0
ko,ko:api-launch-2026-08-09-v1,e803b437-dd48-4239-8b93-ac7de3365b27,SM4S,각성의 용사,각성의 용사,,50,50,0,0
ko,ko:api-launch-2026-08-09-v1,2c60bbc5-eb49-4527-96bc-2839a2a92774,SM5+,울트라포스,울트라포스,,50,50,0,0
ko,ko:api-launch-2026-08-09-v1,eb6696b5-5cef-4bdc-8a07-9dc96d7cbf36,SM5M,울트라문,울트라문,,66,66,0,0
ko,ko:api-launch-2026-08-09-v1,5da257fa-1619-4ba6-9de0-f6c4fa18acfc,SM5S,울트라썬,울트라썬,,66,66,0,0
ko,ko:api-launch-2026-08-09-v1,d962c8b9-fe7d-4361-9d9d-7f918f025735,SM6,금단의 빛,금단의 빛,,94,94,0,0
ko,ko:api-launch-2026-08-09-v1,ca8ec10e-d2f4-4de9-b119-fe7171bc65d5,SM6a,드래곤스톰,드래곤스톰,,53,53,0,0
ko,ko:api-launch-2026-08-09-v1,51e42180-9c84-48c2-9621-f912e81be776,SM6b,챔피언로드,챔피언로드,,66,66,0,0
ko,ko:api-launch-2026-08-09-v1,e2f0b2c0-7357-417c-883c-862f56adcaed,SM7,창공의 카리스마,창공의 카리스마,,96,96,0,0
ko,ko:api-launch-2026-08-09-v1,9afc1531-5b71-4ba9-a251-ce80d6299260,SM7a,플라스마 스파크,플라스마 스파크,,50,50,0,0
ko,ko:api-launch-2026-08-09-v1,33ff2c7d-5b5b-4609-91e4-d000dd05ef3d,SM7b,페어리라이즈,페어리라이즈,,50,50,0,0
ko,ko:api-launch-2026-08-09-v1,51e10f4f-45f5-4c9c-989e-be537647958e,SM8,버스트임팩트,버스트임팩트,,95,95,0,0
ko,ko:api-launch-2026-08-09-v1,1c35aed1-7364-4ee6-95f2-d8b7a91f9e02,SM8a,다크오더,다크오더,,52,52,0,0
ko,ko:api-launch-2026-08-09-v1,d6361174-5aca-44be-ae7a-9a8bc4dc43ec,SM8b,GX 울트라샤이니 ULTIMATE,GX 울트라샤이니 ULTIMATE,,150,150,0,0
ko,ko:api-launch-2026-08-09-v1,b3cf9be2-5b81-47c1-9c41-da49f5b1ddfe,SM9,태그볼트,태그볼트,,95,95,0,0
ko,ko:api-launch-2026-08-09-v1,d5ac7e5c-4c98-44fa-8ba4-18fa93b46f70,SM9a,나이트유니슨,나이트유니슨,,55,55,0,0
ko,ko:api-launch-2026-08-09-v1,fca3c7cf-9b70-4ff0-b2d7-5b11354660e9,SM9b,풀메탈월,풀메탈월,,54,54,0,0
ko,ko:api-launch-2026-08-09-v1,fd4f7b61-286b-4e26-a402-b948224bcde1,SMP2,명탐정 피카츄,명탐정 피카츄,,24,24,0,0
ko,ko:api-launch-2026-08-09-v1,df0058c3-3cef-4b9f-b522-85e86df4054e,sn10a,GG엔드,GG엔드,,54,54,0,0
ko,ko:api-launch-2026-08-09-v1,62c5a12f-1555-43b2-af96-48522b46e1de,sn11,미라클트윈,미라클트윈,,94,94,0,0
ko,ko:api-launch-2026-08-09-v1,e2ab9cea-967c-4b9a-bdaa-c40e747f0744,SV1a,트리플렛비트,트리플렛비트,,73,73,0,0
ko,ko:api-launch-2026-08-09-v1,618285b8-fdc7-42e1-afa0-a7cb4ca2b344,SV1S,스칼렛ex,스칼렛ex,,78,78,0,0
ko,ko:api-launch-2026-08-09-v1,88a53bf2-6a62-45ba-ad75-e43b6f696c3f,SV1V,바이올렛ex,바이올렛ex,,78,78,0,0
ko,ko:api-launch-2026-08-09-v1,c5c680dc-6c74-47a0-a0b1-c3bfdad05628,SV2a,포켓몬 카드 151,포켓몬 카드 151,,165,165,0,0
ko,ko:api-launch-2026-08-09-v1,89931a3e-7397-446e-8eec-3fc413f48c22,SV2D,클레이버스트,클레이버스트,,71,71,0,0
ko,ko:api-launch-2026-08-09-v1,78f4d427-f1a8-43b3-bb26-15f1bc4e2181,SV2P,스노해저드,스노해저드,,71,71,0,0
ko,ko:api-launch-2026-08-09-v1,f9aa55b4-95ab-4f19-bb60-47bf65ced81c,SV3,흑염의 지배자,흑염의 지배자,,108,108,0,0
ko,ko:api-launch-2026-08-09-v1,84ce3bbc-b8f3-4b9b-9553-b071ebac52eb,SV3a,레이징서프,레이징서프,,62,62,0,0
ko,ko:api-launch-2026-08-09-v1,01612af8-b359-46c0-a026-f085be73d33f,SV4a,샤이니트레저 ex,샤이니트레저 ex,,190,190,0,0
ko,ko:api-launch-2026-08-09-v1,568720ec-7790-49f6-9a35-23bb61b8afbc,SV4K,고대의 포효,고대의 포효,,66,95,95,95
ko,ko:api-launch-2026-08-09-v1,7f9d7a5f-a647-484b-831c-218f8da1f150,SV4M,미래의 일섬,미래의 일섬,,66,95,95,95
ko,ko:api-launch-2026-08-09-v1,8979004d-b658-40f9-b359-567eedde1aca,SV5a,크림슨헤이즈,크림슨헤이즈,,66,66,0,0
ko,ko:api-launch-2026-08-09-v1,d8501b4f-52ed-4ae9-995b-ec1fb9220217,SV5K,와일드포스,와일드포스,,71,71,49,49
ko,ko:api-launch-2026-08-09-v1,f0f6e2f4-0149-43dd-b911-1e2d02d198a2,SV5M,사이버저지,사이버저지,,71,71,0,0
ko,ko:api-launch-2026-08-09-v1,d71a741c-669f-47cb-b57e-f0e443d7b1c6,SV6,변환의 가면,변환의 가면,,101,101,0,0
zh-cn,zh-cn:api-launch-2026-08-09-v1,4aa930fc-35fa-4e68-a34b-624fc70fb2cb,promo-sm-p,特典卡·太阳&月亮,Sun & Moon Promos,2022-10-27,,50,50,61
zh-cn,zh-cn:api-launch-2026-08-09-v1,465f5ed6-b32e-4cf0-a890-c39bc812ca48,csm1ac,横空出世 赫,Storming Emergence - Set A,2022-10-28,151,211,211,331
zh-cn,zh-cn:api-launch-2026-08-09-v1,64e14d7e-e9f0-49d1-9e43-f79eafc02f53,csm1bc,横空出世 苍,Storming Emergence - Set B,2022-10-28,151,204,204,324
zh-cn,zh-cn:api-launch-2026-08-09-v1,195b9d09-dd64-4e41-9b7d-0c9fb7f2062c,csm1cc,横空出世 泽,Storming Emergence - Set C,2022-10-28,151,212,212,332
zh-cn,zh-cn:api-launch-2026-08-09-v1,d246467e-39b6-4b52-8b8e-abaef9094fb6,csm1dc,起始卡组 横空出世GX,Storming Emergence GX Starter Deck,2022-10-28,,336,336,336
zh-cn,zh-cn:api-launch-2026-08-09-v1,b33bbbb0-4f9d-4f97-b7e0-1c0b9b4157d5,csmlc,莉莉艾的声援专属礼盒,Lillie's Support Box,2022-11-11,,5,5,5
zh-cn,zh-cn:api-launch-2026-08-09-v1,06c44056-4885-486e-a343-d7069742a403,csm1.5c,强化包 对战精英,Battle Elite,2022-12-16,60,88,88,131
zh-cn,zh-cn:api-launch-2026-08-09-v1,de3e8a03-f37b-4420-b6f8-212da298237a,csmyc,伊布GX套装礼盒,Eevee-GX Box Sets,2023-01-06,,8,8,8
zh-cn,zh-cn:api-launch-2026-08-09-v1,1e70ad98-8533-4fd0-8d02-15dda333cce9,csm2ac,交相辉映 沐,Shining Synergy - Set A,2023-01-18,150,194,194,328
zh-cn,zh-cn:api-launch-2026-08-09-v1,1c9493a2-e579-4007-89f2-c72fdc66a2d9,csm2bc,交相辉映 魁,Shining Synergy - Set B,2023-01-18,150,193,193,327
zh-cn,zh-cn:api-launch-2026-08-09-v1,a31177e5-6f44-4236-8d84-b8afaecd825f,csm2cc,交相辉映 唤,Shining Synergy - Set C,2023-01-18,150,192,192,326
zh-cn,zh-cn:api-launch-2026-08-09-v1,78341b8d-8fbc-4749-8619-ee7a3bdc2131,csm2dc,起始卡组 交相辉映GX,Shining Synergy GX Starter Deck,2023-01-18,,357,357,357
zh-cn,zh-cn:api-launch-2026-08-09-v1,7b9800e5-fbfd-4842-b4a0-998e53981f5c,csm2.5c,炫奇争胜,Striking Competition,2023-03-17,61,99,99,148
zh-cn,zh-cn:api-launch-2026-08-09-v1,4e169dea-565f-4907-8c20-2216340c2bc2,csmac,阿尔宙斯&帝牙卢卡&帕路奇亚GX 卡组构筑进阶礼盒,Arceus & Dialga & Palkia GX Premium Deck Building Box,2023-03-17,,19,19,19
zh-cn,zh-cn:api-launch-2026-08-09-v1,3be50647-3dba-4fe3-9bb8-25e8961a2e54,csmjc,精灵球礼盒：闪耀宝可梦,Shining Pokémon Poké Ball Box,2023-03-17,,15,15,15
zh-cn,zh-cn:api-launch-2026-08-09-v1,9b80c866-941f-4227-abe6-ad899d80385c,csmpac,对战派对组合 草,Battle Party Set Grass Deck,2023-04-15,,23,23,46
zh-cn,zh-cn:api-launch-2026-08-09-v1,a44ec336-0fa0-4ce7-9119-2b63de94502d,csmpbc,对战派对组合 火,Battle Party Set Fire Deck,2023-04-15,,25,25,50
zh-cn,zh-cn:api-launch-2026-08-09-v1,d1f16ec3-c0fa-47e6-b009-e4fb54c5513c,csmpcc,对战派对组合 水,Battle Party Set Water Deck,2023-04-15,,25,25,50
zh-cn,zh-cn:api-launch-2026-08-09-v1,845257d4-8a5c-45fe-abf1-d3cafe9b3870,csmpdc,对战派对组合 雷,Battle Party Set Lightning Deck,2023-04-15,,21,21,42
zh-cn,zh-cn:api-launch-2026-08-09-v1,8c72b622-60a3-41ba-81e6-62fa80633115,csmpec,对战派对组合 超,Battle Party Set Psychic Deck,2023-04-15,,21,21,42
zh-cn,zh-cn:api-launch-2026-08-09-v1,674efd9a-66f2-485b-84d6-12c0e7c1d0a6,csmpfc,对战派对组合 斗,Battle Party Set Fighting Deck,2023-04-15,,24,24,48
zh-cn,zh-cn:api-launch-2026-08-09-v1,c940e022-a605-4095-b952-fa0ae9c72f62,csmpgc,对战派对组合 恶,Battle Party Set Darkness Deck,2023-04-15,,24,24,48
zh-cn,zh-cn:api-launch-2026-08-09-v1,155e2445-23af-4ef1-ada0-3fff4e1826fb,csmphc,对战派对组合 钢,Battle Party Set Metal Deck,2023-04-15,,24,24,48
zh-cn,zh-cn:api-launch-2026-08-09-v1,7bf1e1c6-2caf-46cc-8a0f-ba85abec5ed2,csmpic,对战派对组合 奖赏包,Battle Party Set Reward Pack,2023-04-15,24,48,48,51
zh-cn,zh-cn:api-launch-2026-08-09-v1,3858072b-8d5d-42d3-9c5c-4557c8ec6ddb,promo-s-p,特典卡·剑&盾,Sword & Shield Promos,2023-05-18,,220,220,242
zh-cn,zh-cn:api-launch-2026-08-09-v1,e98642e8-97ac-4a08-b013-c0b13b70a269,cs1ac,极巨争锋 雷,Dynamax Clash - Set A,2023-05-19,135,217,217,329
zh-cn,zh-cn:api-launch-2026-08-09-v1,01859240-c3d3-4074-832f-782f61c4fcb6,cs1bc,极巨争锋 焰,Dynamax Clash - Set B,2023-05-19,136,199,199,315
zh-cn,zh-cn:api-launch-2026-08-09-v1,e4149c4d-77fd-4d78-9ce5-1ffb33e7bc35,cs1dc,起始卡组 极巨争锋V,Dynamax Clash V Starter Deck,2023-05-19,,222,222,222
zh-cn,zh-cn:api-launch-2026-08-09-v1,e17e245d-1319-4a45-b877-7e640c11d846,csac,极巨争锋 卡组构筑礼盒,Dynamax Clash Deck Building Box,2023-05-19,,24,24,24
zh-cn,zh-cn:api-launch-2026-08-09-v1,8fa6e9bb-57f0-41d9-a4dd-611af3e1daf8,cs1.5c,极巨攻防,Dynamax Tactics,2023-06-28,55,96,96,141
zh-cn,zh-cn:api-launch-2026-08-09-v1,96cbe78b-6461-4875-a678-c2fc65b0d756,cs2ac,浓墨重彩 黎,Vivid Portrayals - Set A,2023-08-18,115,143,143,241
zh-cn,zh-cn:api-launch-2026-08-09-v1,7e37b0c3-bae5-4591-89c8-815b6cb4b80d,cs2bc,浓墨重彩 靛,Vivid Portrayals - Set B,2023-08-18,115,143,143,241
zh-cn,zh-cn:api-launch-2026-08-09-v1,b27c4d1f-312a-4311-b577-eb9fc37995b4,csm2.1c,辉金能量礼盒&辉金能量进阶礼盒,Golden Energy,2023-09-09,,54,54,54
zh-cn,zh-cn:api-launch-2026-08-09-v1,ad94757c-4ad8-43a2-848b-3ac6dd4ca89d,cs2.5c,璀璨反击,Brilliant Counterattack,2023-09-29,59,79,79,126
zh-cn,zh-cn:api-launch-2026-08-09-v1,d9a6c0f3-c742-4f60-baee-5cabb823f8d6,cs2.1c,专题包 喵喵小妙招,Meowth Little Tricks,2023-11-17,,10,10,10
zh-cn,zh-cn:api-launch-2026-08-09-v1,76972e45-2535-4507-8cba-a826c32b534e,cs2dac,宝可梦卡牌 家庭组合,Family Pokémon Trading Card Game,2023-11-17,,53,53,72
zh-cn,zh-cn:api-launch-2026-08-09-v1,42e798dd-f171-4f0b-916e-2386fd2a353f,cs3ac,洪荒演武 茂,Primordial Arts - Set A,2023-11-17,125,184,184,290
zh-cn,zh-cn:api-launch-2026-08-09-v1,f9223984-d0cf-445e-9d9f-7d447855a904,cs3bc,洪荒演武 激,Primordial Arts - Set B,2023-11-17,122,179,179,283
zh-cn,zh-cn:api-launch-2026-08-09-v1,096afff5-a4ff-4084-b7be-ecf150e13b25,cs3dc,起始卡组 洪荒演武V,Primordial Arts V Starter Deck,2023-11-17,,183,183,183
zh-cn,zh-cn:api-launch-2026-08-09-v1,05ab7538-6845-40b7-acf4-202c136fd45c,csbc,卡组构筑礼盒 洪荒演武 茂,Primordial Arts Overgrow Deck Building Box,2023-11-17,,19,19,19
zh-cn,zh-cn:api-launch-2026-08-09-v1,c55158ae-82db-46a7-826a-992af778d93b,cscc,卡组构筑礼盒 洪荒演武 激,Primordial Arts Torrent Deck Building Box,2023-11-17,,19,19,19
zh-cn,zh-cn:api-launch-2026-08-09-v1,fdd7df11-b6ab-4dcd-8d0a-d5b71e6244e1,csdc,精灵球礼盒/超级球礼盒：皮卡丘传奇庆典,Poké Ball Gift Box: Legendary Pikachu Celebration,2023-12-08,,25,25,25
zh-cn,zh-cn:api-launch-2026-08-09-v1,78a6da15-7f1f-4ca0-a601-123707f9ac33,csmpjc,改造包 对战派对组合 草,Grass Modification Pack,2023-12-16,,10,10,10
zh-cn,zh-cn:api-launch-2026-08-09-v1,f291fcb1-03e7-4ad1-9027-4b492b4806c7,csmpkc,改造包 对战派对组合 火,Fire Modification Pack,2023-12-16,,10,10,10
zh-cn,zh-cn:api-launch-2026-08-09-v1,1e244b4e-2546-4d6a-a058-8e7fb979e981,csmplc,改造包 对战派对组合 水,Water Modification Pack,2023-12-16,,10,10,10
zh-cn,zh-cn:api-launch-2026-08-09-v1,6b49650a-7b67-4c93-baac-972aaae8ec94,csmpmc,改造包 对战派对组合 雷,Lightning Modification Pack,2023-12-16,,10,10,10
zh-cn,zh-cn:api-launch-2026-08-09-v1,545fe94a-7a9e-441f-8e3e-ead33c928e3c,csmpnc,改造包 对战派对组合 超,Psychic Modification Pack,2023-12-16,,10,10,10
zh-cn,zh-cn:api-launch-2026-08-09-v1,8e292ab7-96fb-492e-bb8a-7c38e51c03ba,csmpoc,改造包 对战派对组合 斗,Fighting Modification Pack,2023-12-16,,10,10,10
zh-cn,zh-cn:api-launch-2026-08-09-v1,69bb970f-bc4e-48ef-8504-dc3d0bc85b4b,csmppc,改造包 对战派对组合 恶,Darkness Modification Pack,2023-12-16,,10,10,10
zh-cn,zh-cn:api-launch-2026-08-09-v1,209e7f92-04a7-4ee1-b1a2-d6ac82c19ad6,csmpqc,改造包 对战派对组合 钢,Metal Modification Pack,2023-12-16,,10,10,10
zh-cn,zh-cn:api-launch-2026-08-09-v1,c651409a-2274-445d-99b0-d1b8e325cbca,cs3.5c,怒炎灼天,Scorching Skies,2024-01-05,66,90,90,147
zh-cn,zh-cn:api-launch-2026-08-09-v1,d4992032-6cfd-4880-a091-bf324fea99e5,csec,四方联结系列礼盒,Quadrilateral Connection Box Sets,2024-01-19,,20,20,20
zh-cn,zh-cn:api-launch-2026-08-09-v1,210bbf2d-5f63-4e1b-8af0-a2e093c53746,cs4ac,九彩汇聚 朋,Nine Colors Gathering - Set A,2024-03-01,132,184,184,295
zh-cn,zh-cn:api-launch-2026-08-09-v1,7846702c-18c4-4d74-9ac1-2932017fa467,cs4bc,九彩汇聚 源,Nine Colors Gathering - Set B,2024-03-01,132,177,177,288
zh-cn,zh-cn:api-launch-2026-08-09-v1,6d4d2b68-c267-4213-b250-624ace7bfe61,csfc,龙之再临系列礼盒,Dragon Resurgence,2024-03-01,,26,26,26
zh-cn,zh-cn:api-launch-2026-08-09-v1,1081f162-6db6-4d8f-b8fb-04c1a8361c0d,csgc,宝可梦卡牌展示套礼盒,Pokémon Card Display Sets,2024-03-01,,8,8,8
zh-cn,zh-cn:api-launch-2026-08-09-v1,6428b9a9-e611-4b0f-a632-1293575ddeb4,cs4.1c,专题包 辉耀能量 第一弹,Brilliant Energy Promo Pack 1,2024-03-29,,23,23,23
zh-cn,zh-cn:api-launch-2026-08-09-v1,cd9dbc9a-2f9b-46af-b94a-faaeeb026395,cs4.5c,终末炎舞,Final Flame Dance,2024-04-26,63,83,83,136
zh-cn,zh-cn:api-launch-2026-08-09-v1,7ef923a6-e6d5-41c0-9472-707d89937384,cshc,伊布进阶礼盒,Eevee Advanced Gift Box,2024-04-26,,9,9,9
zh-cn,zh-cn:api-launch-2026-08-09-v1,c9cdce5f-5238-4671-a1d4-af181a97dd47,cs4dac,起始卡组100,Start Deck 100,2024-05-17,,433,433,566
zh-cn,zh-cn:api-launch-2026-08-09-v1,bf94a3be-2ed7-483d-9391-b2adbbb9b2e5,csic,训练家收藏礼盒,Trainer Collection Gift Box,2024-05-17,,8,8,8
zh-cn,zh-cn:api-launch-2026-08-09-v1,92ffa013-edb7-4c49-8ed1-c50f0162d41d,cs5ac,勇魅群星 魅,Brave Stars - Set A,2024-06-18,127,176,176,275
zh-cn,zh-cn:api-launch-2026-08-09-v1,a952240f-194f-45a1-bd38-e8f5827c1200,cs5bc,勇魅群星 勇,Brave Stars - Set B,2024-06-18,128,178,178,280
zh-cn,zh-cn:api-launch-2026-08-09-v1,f872bb02-eb6b-4245-a13a-b5d72b36c5d9,cs5dc,勇魅群星 V起始卡组,Brave Stars V Starter Deck,2024-06-18,,163,163,163
zh-cn,zh-cn:api-launch-2026-08-09-v1,c9bda9ba-797d-4d75-b0ec-8d464bf63c40,csmc,宝可梦卡牌展示套礼盒,Pokémon Card Display Sets Volume 2,2024-06-18,,13,13,13
zh-cn,zh-cn:api-launch-2026-08-09-v1,2cf67879-2158-4a72-b4d0-1195d3ecbb8e,csnc,勇魅群星 卡组构筑礼盒,Brave Stars Deck Building Gift Box,2024-06-18,,24,24,24
zh-cn,zh-cn:api-launch-2026-08-09-v1,0bc91688-24d3-40b2-9a3a-e7fb1460fc0c,csjc,精灵球/高级球礼盒：宝可梦艺术插画庆典 景,Poké Ball Gift Box: Art Illustration Celebration Scene,2024-06-28,,16,16,16
zh-cn,zh-cn:api-launch-2026-08-09-v1,4f077845-6aa7-49bc-b33f-3d0dffea2e5b,cs5.1c,专题包 辉耀能量 第二弹,Brilliant Energy Promo Pack 2,2024-07-12,,23,23,23
zh-cn,zh-cn:api-launch-2026-08-09-v1,160d0c8e-9994-4b98-a965-991eec99bcfa,csoc,汇流卡组构筑进阶礼盒,Mew Advanced Deck Building Gift Box,2024-07-12,,19,19,19
zh-cn,zh-cn:api-launch-2026-08-09-v1,a7ec23e4-2ab3-4dcd-931d-e71f2aee4906,SV7,星晶奇跡,星晶奇跡,2024-07-19,102,132,132,132
zh-cn,zh-cn:api-launch-2026-08-09-v1,44f0abf2-b693-4d4f-8587-18106f976a3d,cs5.5c,强化包 暗影夺辉,Shadow of Glory,2024-08-02,66,89,89,143
zh-cn,zh-cn:api-launch-2026-08-09-v1,4719ccc9-35c0-406a-b2c2-989af15d77b0,SV7a,樂園騰龍,樂園騰龍,2024-09-13,64,64,64,64
zh-cn,zh-cn:api-launch-2026-08-09-v1,dd8bdb77-b40e-4a67-b615-ba9284dea9ae,cs6.1c,专题包 辉耀能量,Brilliant Energy Promo Pack 3,2024-09-20,4,24,24,24
zh-cn,zh-cn:api-launch-2026-08-09-v1,786678a0-e593-4205-b391-b392f1e71592,cs6ac,碧海暗影 啸,Shadow of the Blue Sea - Set A,2024-09-20,131,169,169,277
zh-cn,zh-cn:api-launch-2026-08-09-v1,3c74abe8-5236-4c84-ae5b-5a5f367b63d4,cs6bc,碧海暗影 逐,Shadow of the Blue Sea - Set B,2024-09-20,131,172,172,282
zh-cn,zh-cn:api-launch-2026-08-09-v1,66d9e865-7d40-4b2e-8ef0-ae24fca87673,SV8,超電突圍,超電突圍,2024-10-18,106,106,106,106
zh-cn,zh-cn:api-launch-2026-08-09-v1,834a78bc-6492-41d7-8bcc-31c212d5f06d,csuc,宝可梦展示套礼盒,Pokémon Card Display Sets Volume 3,2024-10-26,,13,13,13
zh-cn,zh-cn:api-launch-2026-08-09-v1,69be023a-df58-4cf2-913e-101d846b968e,cs6.5c,强化包 胜象星引,Victory Star Guide,2024-11-15,72,96,96,153
zh-cn,zh-cn:api-launch-2026-08-09-v1,92e3a042-cb87-4db8-938e-3eab4bee6901,cszc,收藏周边礼盒 百变宝盒,Variety Treasure Box Collection,2024-11-15,,68,68,68
zh-cn,zh-cn:api-launch-2026-08-09-v1,11f1bc35-2d54-4829-b26a-41184d498eb7,cs0lc,皮在伊起 流沙卡牌展示挂件礼盒,Pikachu & Eevee Card Display Pendant Gift Box,2024-12-06,,4,4,4
zh-cn,zh-cn:api-launch-2026-08-09-v1,79e8ac11-286a-4d4a-a006-d5d78a61c232,csyc,精灵球/等级球礼盒：宝可梦艺术插画庆典 聚,Poké Ball Gift Box: Art Illustration Celebration Gathering,2024-12-06,,16,16,16
zh-cn,zh-cn:api-launch-2026-08-09-v1,a16f8d4c-d648-4bee-a219-9abc2aae49a6,SV8a,太晶慶典ex,太晶慶典ex,2024-12-06,187,237,237,382
zh-cn,zh-cn:api-launch-2026-08-09-v1,9e19da56-f7be-4a0b-b385-be5bc6749535,csxc,骑拉帝纳VSTAR卡组构筑进阶礼盒,Giratina VSTAR Advanced Deck Building Gift Box,2024-12-21,,20,20,20
zh-cn,zh-cn:api-launch-2026-08-09-v1,b6d885e6-40de-4e3d-808d-fc2294af8ad4,promo-30th-p,特典卡·30周年,30th Anniversary Promos,2025-01-16,,18,18,18
zh-cn,zh-cn:api-launch-2026-08-09-v1,9724f830-eb52-423f-a8ce-2feb4c2e91f1,promo-sv-p,特典卡·朱&紫,Scarlet & Violet Promos,2025-01-16,,353,353,553
zh-cn,zh-cn:api-launch-2026-08-09-v1,6fddd811-836e-4304-8d28-f36caef0d044,cbb1c,宝石包 Vol. 1,Gem Pack Vol 1,2025-01-17,115,115,115,115
zh-cn,zh-cn:api-launch-2026-08-09-v1,31225f01-ead5-4e8d-83f8-c06978e706da,csv1c,亘古开来,Eternal Birth,2025-01-17,127,167,167,393
zh-cn,zh-cn:api-launch-2026-08-09-v1,367aed91-064f-4d2c-8b25-197abcdf9abc,csvh1ac,嗨皮组合 皮卡丘&皮皮&草苗龟&索财灵 改造包,Happy Set 1: Modification Pack,2025-01-17,,23,23,23
zh-cn,zh-cn:api-launch-2026-08-09-v1,34f311f1-6804-4a0d-9e60-eae3fd8bb8d6,csvh1c,嗨皮组合 皮卡丘&皮皮&草苗龟&索财灵,Happy Set 1: Pikachu & Clefairy & Turtwig & Gimmighoul,2025-01-17,,59,59,170
zh-cn,zh-cn:api-launch-2026-08-09-v1,bcceb460-d10c-42a9-a8d6-cd6dabac00f0,csvh1pc,嗨皮组合 皮卡丘&皮皮&草苗龟&索财灵 奖赏包,Happy Set 1: Reward Pack,2025-01-17,,6,6,6
zh-cn,zh-cn:api-launch-2026-08-09-v1,b67bee5b-da76-4575-a263-ab9cb69d4d7b,SV9,對戰搭檔,對戰搭檔,2025-01-24,100,100,100,100
zh-cn,zh-cn:api-launch-2026-08-09-v1,50e63f27-28bd-455a-8e4d-659eb7c3e16a,csve1c,对战派对 共梦,Battle Party: Shared Dream,2025-02-28,,178,178,194
zh-cn,zh-cn:api-launch-2026-08-09-v1,8b3f9c5d-1bc9-4493-abe4-8623a4675c99,csve1pc,对战派对 共梦 奖赏包,Battle Party: Shared Dream — King Reward Pack,2025-02-28,,24,24,24
zh-cn,zh-cn:api-launch-2026-08-09-v1,2060f3b9-08e9-4182-8138-58bdaf2203ff,SV9a,熱風競技場,熱風競技場,2025-03-14,63,92,92,92
zh-cn,zh-cn:api-launch-2026-08-09-v1,dc879690-6576-4cde-99ed-1eb74096b96c,csv2c,奇迹启程,Miracle Journey,2025-03-21,128,163,163,393
zh-cn,zh-cn:api-launch-2026-08-09-v1,1dbfe92e-8914-49b2-974c-47683cf51d4d,SV10,火箭隊的榮耀,Destined Rivals,2025-05-02,98,98,98,98
zh-cn,zh-cn:api-launch-2026-08-09-v1,8a18b285-dbf1-4acb-8374-e693849d80e1,cbb2c,宝石包 Vol.2,Gem Pack Vol 2,2025-05-16,15,140,140,140
zh-cn,zh-cn:api-launch-2026-08-09-v1,1170881a-cba2-4979-acc8-e705d80b9894,csv3c,无畏太晶,Fearless Terastal,2025-05-16,130,165,165,397
zh-cn,zh-cn:api-launch-2026-08-09-v1,68cb60a6-248c-4ba2-a242-53a7688fc889,csvh2ac,嗨皮组合 路卡利欧&甲贺忍蛙&藏玛然特&獒教父 改造包,Happy Set 2: Modification Pack,2025-05-16,,23,23,23
zh-cn,zh-cn:api-launch-2026-08-09-v1,b73c026f-df9a-412e-8e61-c9811b5fe3cc,csvh2c,嗨皮卡组 路卡利欧&甲贺忍蛙&藏玛然特&獒教父,Happy Set 2: Lucario & Greninja & Zamazenta & Mabosstiff,2025-05-16,,58,58,170
zh-cn,zh-cn:api-launch-2026-08-09-v1,da0814f6-494c-4a62-9efe-b091aff06be8,csvh2pc,嗨皮组合 路卡利欧&甲贺忍蛙&藏玛然特&獒教父 奖赏包,Happy Set 2: Reward Pack,2025-05-16,,6,6,6
zh-cn,zh-cn:api-launch-2026-08-09-v1,3738516b-cd62-4541-aa2b-2cbfcb4197ce,csvl1c,启程专题包,Departure Special Pack,2025-06-13,,133,133,133
zh-cn,zh-cn:api-launch-2026-08-09-v1,0a6e8d07-bd4b-4d06-abdc-a6f27e88eb1b,csv4c,嘉奖回合,Bonus Round,2025-07-18,129,165,165,395
zh-cn,zh-cn:api-launch-2026-08-09-v1,d9a5eeb3-023e-4c7c-ac83-8f77e831a108,csve2c,对战派对 耀梦,Battle Party: Shining Dream,2025-07-18,,208,208,237
zh-cn,zh-cn:api-launch-2026-08-09-v1,244324e6-618e-4d94-9fb4-d71dbda8f936,csve2pc,对战派对 耀梦 奖赏包,Battle Party: Shining Dream — King Reward Pack,2025-07-18,,24,24,24
zh-cn,zh-cn:api-launch-2026-08-09-v1,9cc48fa9-3a36-4069-b58a-3f29854cca74,csv5c,黑晶炽诚,Dark Crystal Blaze,2025-09-12,129,164,164,394
zh-cn,zh-cn:api-launch-2026-08-09-v1,edada0ac-f7df-46af-aec1-f7a68b5b2562,csvh3ac,嗨皮组合 七夕青鸟&拉帝欧斯&烈焰猴&一家鼠 改造包,Happy Set 3: Modification Pack,2025-09-12,,23,23,23
zh-cn,zh-cn:api-launch-2026-08-09-v1,9a87cc5f-0594-458c-a50e-78dc1b345a49,csvh3c,嗨皮卡组 七夕青鸟&拉帝欧斯&烈焰猴&一家鼠,Happy Set 3: Altaria & Latios & Infernape & Maushold,2025-09-12,,64,64,180
zh-cn,zh-cn:api-launch-2026-08-09-v1,a2dff7dc-cac7-4681-a05d-88e4934e4248,csvh3pc,嗨皮组合 七夕青鸟&拉帝欧斯&烈焰猴&一家鼠 奖赏包,Happy Set 3: Reward Pack,2025-09-12,,6,6,6
zh-cn,zh-cn:api-launch-2026-08-09-v1,06ae8d84-49e1-4363-a97b-1f22ee392ed7,cbb3c,宝石包 Vol.3,Gem Pack Vol 3,2025-09-26,7,136,136,136
zh-cn,zh-cn:api-launch-2026-08-09-v1,8e3da79a-1d8d-40ae-9f09-0150728cfbd6,151c,收集啦151 旅,"Collect 151 Surprise, Hope, Journey, & Gathering",2025-10-17,151,192,192,470
zh-cn,zh-cn:api-launch-2026-08-09-v1,b921de8d-c127-44c4-825b-bac5dd7e5661,csv6c,真实玄虚,Arcane Truth,2025-11-07,128,163,163,393
zh-cn,zh-cn:api-launch-2026-08-09-v1,b00d2f30-2ef5-4a8c-9263-d2b337a053be,csvl2c,游历专题包,Travel Theme Pack,2025-11-07,,139,139,139
zh-cn,zh-cn:api-launch-2026-08-09-v1,04e73e20-0b3f-4df0-bbe0-d422928d5f0e,csvm1ac,大师战略卡组构筑套装 喷火龙ex,Master Strategy Deck Building Set: Charizard ex,2026-01-16,,33,33,33
zh-cn,zh-cn:api-launch-2026-08-09-v1,81ff5c5b-1c4a-43df-bec7-8b438c1cae3f,csvm1bc,大师战略卡组构筑套装 沙奈朵ex,Master Strategy Deck Building Set: Gardevoir ex,2026-01-16,,33,33,33
zh-cn,zh-cn:api-launch-2026-08-09-v1,be3c372e-cd14-49e8-82d7-42d89f99b261,csvm1cc,大师战略卡组构筑套装 密勒顿ex,Master Strategy Deck Building Set: Miraidon ex,2026-01-16,,28,28,28
zh-cn,zh-cn:api-launch-2026-08-09-v1,0c923759-c6cc-4b69-b205-eda5a97d3629,csvsc,对战学院,Battle Academy,2026-01-16,,66,66,90
zh-cn,zh-cn:api-launch-2026-08-09-v1,1f37ca26-f79b-47b6-9ba8-87f6c14b03fa,csv7c,利刃猛醒,Blade Awakened,2026-01-17,204,259,259,605
zh-cn,zh-cn:api-launch-2026-08-09-v1,ceddde89-0705-4372-95f2-88c20b89fddd,cbb4c,宝石包 第四弹,Gem Pack Vol 4,2026-02-26,7,196,196,196
zh-cn,zh-cn:api-launch-2026-08-09-v1,488ef846-c6f3-42e6-8fc1-7bf2928b2bcf,csv8c,璀璨诡幻,Sparkling Fantasy,2026-03-13,207,264,264,616
zh-cn,zh-cn:api-launch-2026-08-09-v1,36e2e20a-4ce2-45ed-a3bd-d81628db8dcb,csvh4ac,嗨皮组合 狙射树枭&美录梅塔&故勒顿&密勒顿 改造包,Happy Set 4: Modification Pack,2026-04-10,,23,23,23
zh-cn,zh-cn:api-launch-2026-08-09-v1,f0f9b873-3f53-4c4a-857a-218d9ccc5dd9,csvh4c,嗨皮卡组 狙射树枭&美录梅塔&故勒顿&密勒顿,Happy Set 4: Decidueye & Melmetal & Koraidon & Miraidon,2026-04-10,,59,59,168
zh-cn,zh-cn:api-launch-2026-08-09-v1,a9ecf12d-cb58-490d-b556-657a8ab9ab78,csvh4ec,嗨皮组合 狙射树枭&美录梅塔&故勒顿&密勒顿 嗨皮包,Happy Set 4: Happy Pack,2026-04-10,,49,49,147
zh-cn,zh-cn:api-launch-2026-08-09-v1,1fdf1a67-0e6d-436b-90de-020f0703be92,csvh4pc,嗨皮组合 狙射树枭&美录梅塔&故勒顿&密勒顿 奖赏包,Happy Set 4: Reward Pack,2026-04-10,,6,6,6
zh-cn,zh-cn:api-launch-2026-08-09-v1,67ae722c-a017-4446-a14e-50d70df1f98d,cbb5c,宝石包 第五弹,Gem Pack Vol 5,2026-04-24,7,196,196,196
zh-cn,zh-cn:api-launch-2026-08-09-v1,2034da87-a87d-40e9-a8f2-85ca06fb8b5f,csv9c,星彩晶璃,Stellar Crystal,2026-05-15,208,266,266,620
zh-cn,zh-cn:api-launch-2026-08-09-v1,5ee47c31-74b5-4648-9326-468a939e455d,csvnc,北上乡专题包（5张装）,Kitakami Theme Pack,2026-05-15,,44,44,44
zh-cn,zh-cn:api-launch-2026-08-09-v1,034890ae-726c-44ec-bae9-b3e7d1ffdf45,csv9.5c,太晶盛聚,Terastal Gathering,2026-06-12,208,259,259,610
zh-cn,zh-cn:api-launch-2026-08-09-v1,8f5e256e-b756-4a9c-8aa4-80cb8fe6f5fe,csv10c,补充包 共逐荣光,Chasing Glory Together,2026-07-16,,287,287,683
zh-cn,zh-cn:api-launch-2026-08-09-v1,35768e31-7f45-4d15-9867-a4839652a56a,csvh5ac,嗨皮组合 快龙&超梦&喷火驼&来悲粗茶 改造包,Happy Set 5: Modification Pack,2026-07-16,,23,23,23
zh-cn,zh-cn:api-launch-2026-08-09-v1,3e93b7a1-30af-4f0d-b200-4ef8f38915b0,csvh5c,嗨皮组合 快龙&超梦&喷火驼&来悲粗茶,Happy Set 5: Dragonite & Mewtwo & Camerupt & Sinistcha,2026-07-16,,58,58,180
zh-cn,zh-cn:api-launch-2026-08-09-v1,40c0389f-795c-417c-b01f-9a945566f03a,csvh5ec,嗨皮组合 快龙&超梦&喷火驼&来悲粗茶 嗨皮包,Happy Set 5: Happy Pack,2026-07-16,,49,49,147
zh-cn,zh-cn:api-launch-2026-08-09-v1,9194070f-a9f7-40ba-a1e8-baa41a539a9b,csvh5pc,嗨皮组合 快龙&超梦&喷火驼&来悲粗茶 奖赏包,Happy Set 5: Reward Pack,2026-07-16,,6,6,6
zh-cn,zh-cn:api-launch-2026-08-09-v1,69b0ac5a-e2d0-4591-853b-b6ffe2069965,csvm2ac,大师战略卡组构筑套装 猛雷鼓ex,Master Strategy Deck Building Set: Raging Bolt ex,2026-07-16,,31,31,31
zh-cn,zh-cn:api-launch-2026-08-09-v1,3053c95d-5736-4a76-8498-6d713d2e5f42,csvm2bc,大师战略卡组构筑套装 多龙巴鲁托ex,Master Strategy Deck Building Set: Dragapult ex,2026-07-16,,34,34,34
zh-cn,zh-cn:api-launch-2026-08-09-v1,745bb9d2-a1ec-40a7-9e42-5e4d12f31cf5,csvm2cc,大师战略卡组构筑套装 赛富豪ex,Master Strategy Deck Building Set: Gholdengo ex,2026-07-16,,32,32,32
zh-tw,zh-tw:tcgdex-796afd47e430-full-primary-2026-08-19,9ebab1ca-0ebf-429c-83ed-9fe6735f9832,SC1a,劍&盾 SET A,劍&盾 SET A,2020-06-19,154,172,172,172
zh-tw,zh-tw:tcgdex-796afd47e430-full-primary-2026-08-19,205ab185-9052-4965-b9f0-20fe44b7b61f,SC1b,劍&盾 SET B,劍&盾 SET B,2020-06-19,153,171,171,171
zh-tw,zh-tw:tcgdex-796afd47e430-full-primary-2026-08-19,4b4beb82-d593-4c0b-850f-3197e7dd0ac5,SC1D,劍&盾,劍&盾,2020-06-19,164,164,164,164
zh-tw,zh-tw:tcgdex-796afd47e430-full-primary-2026-08-19,8c05228d-e60d-46c6-888b-c13d4b51660d,SC2a,無極力量 SET A,無極力量 SET A,2020-08-21,145,145,145,145
zh-tw,zh-tw:tcgdex-796afd47e430-full-primary-2026-08-19,f3b1c12f-8002-41e4-b682-9109c6628a71,SC2b,無極力量 SET B,無極力量 SET B,2020-08-21,144,144,144,144
zh-tw,zh-tw:tcgdex-796afd47e430-full-primary-2026-08-19,d14fde0e-c786-41d0-93ef-6dc69cef94d0,SC2D,無極力量,無極力量,2020-08-21,157,157,157,157
zh-tw,zh-tw:tcgdex-796afd47e430-full-primary-2026-08-19,ec980234-74f1-4b88-bafa-a8c84ab36d38,S4,驚天伏特攻擊,Amazing Volt Tackle,2020-10-09,100,100,100,100
zh-tw,zh-tw:tcgdex-796afd47e430-full-primary-2026-08-19,e6feffca-611b-479c-bfb2-43b80374458f,S4a,閃色明星V,Shiny Star V,2020-11-27,190,190,190,190
zh-tw,zh-tw:tcgdex-796afd47e430-full-primary-2026-08-19,41251d8a-6a1c-4f91-8e84-22e2fe7737fd,SCA,搭檔,搭檔,2020-11-27,135,135,135,135
zh-tw,zh-tw:tcgdex-796afd47e430-full-primary-2026-08-19,384319e0-5887-4575-933c-5d05848e8e1f,S5I,一撃大師,一撃大師,2021-01-29,70,70,70,70
zh-tw,zh-tw:tcgdex-796afd47e430-full-primary-2026-08-19,fa4fe313-ee43-4824-91bd-b3a6c16aaf7c,S5R,連撃大師,連撃大師,2021-01-29,70,70,70,70
zh-tw,zh-tw:tcgdex-796afd47e430-full-primary-2026-08-19,5578c7d0-f386-4945-b651-65dd2f3ee2d3,SCB,挑戰,挑戰,2021-01-29,156,156,156,156
zh-tw,zh-tw:tcgdex-796afd47e430-full-primary-2026-08-19,8ee58e69-05d9-4aca-94be-9b1099f0aa3f,S5a,雙璧戰士,雙璧戰士,2021-04-02,70,70,70,70
zh-tw,zh-tw:tcgdex-796afd47e430-full-primary-2026-08-19,631ac177-7fbc-4a0f-9ec5-85660f4009cd,S6H,銀白戰槍,銀白戰槍,2021-05-07,70,70,70,70
zh-tw,zh-tw:tcgdex-796afd47e430-full-primary-2026-08-19,565ca9b6-c3b7-4398-a96a-d0dfd1bc1886,S6K,漆黑幽魂,漆黑幽魂,2021-05-07,70,70,70,70
zh-tw,zh-tw:tcgdex-796afd47e430-full-primary-2026-08-19,b4dbdf8f-b0ec-4185-8e74-0c3b2b0e7648,S6a,伊布英雄,伊布英雄,2021-06-11,69,69,69,69
zh-tw,zh-tw:tcgdex-796afd47e430-full-primary-2026-08-19,c816b27f-f145-413b-b971-3f7b1542f24c,SCC,進化,Evolution,2021-06-11,172,171,171,171
zh-tw,zh-tw:tcgdex-796afd47e430-full-primary-2026-08-19,929a6c13-5b43-4aba-b887-1f86cc94ce31,SH,寶可夢卡牌家庭組合,寶可夢卡牌家庭組合,2021-06-28,38,59,59,59
zh-tw,zh-tw:tcgdex-796afd47e430-full-primary-2026-08-19,4a00009f-25a3-4dce-83dd-7bc6b757c046,S7D,摩天巔峰,摩天巔峰,2021-07-23,67,67,67,67
zh-tw,zh-tw:tcgdex-796afd47e430-full-primary-2026-08-19,dfc21eb0-e33a-4cc8-b368-82e5bafa71da,S7R,蒼空烈流,蒼空烈流,2021-07-23,67,67,67,67
zh-tw,zh-tw:tcgdex-796afd47e430-full-primary-2026-08-19,104c8230-fefa-450c-8b97-0773154d456b,SP5,強大,強大,2021-08-27,0,4,4,4
zh-tw,zh-tw:tcgdex-796afd47e430-full-primary-2026-08-19,87c0562d-f7e7-4395-8a2a-a17705341951,S8,匯流藝術,匯流藝術,2021-10-01,100,100,100,100
zh-tw,zh-tw:tcgdex-796afd47e430-full-primary-2026-08-19,70184f97-2d37-457a-8ae4-21a4b40d270c,SCD,強大,強大,2021-10-01,159,159,159,159
zh-tw,zh-tw:tcgdex-796afd47e430-full-primary-2026-08-19,52d0226c-123a-4b62-bcc4-0433b5afb56f,S8a,25週年收藏款,25週年收藏款,2021-10-20,28,33,33,33
zh-tw,zh-tw:tcgdex-796afd47e430-full-primary-2026-08-19,7201a603-407b-491c-b118-467f6549e400,S8b,VMAX絕群壓軸,VMAX Climax,2021-12-17,184,184,181,291
zh-tw,zh-tw:tcgdex-796afd47e430-full-primary-2026-08-19,ec704d48-6e26-4489-9063-4eb4f5924233,S9,星星誕生,星星誕生,2022-01-28,100,100,100,100
zh-tw,zh-tw:tcgdex-796afd47e430-full-primary-2026-08-19,6c446b0c-155d-4926-b0ee-5369f6ac44d3,SJ,藏瑪然特VS無極汰那,藏瑪然特VS無極汰那,2022-01-28,28,30,30,30
zh-tw,zh-tw:tcgdex-796afd47e430-full-primary-2026-08-19,1217161f-69bf-4176-acce-93f23e475d04,SK,頂級訓練家收藏箱 VSTAR,頂級訓練家收藏箱 VSTAR,2022-01-28,30,30,30,30
zh-tw,zh-tw:tcgdex-796afd47e430-full-primary-2026-08-19,749e4fbd-3eda-46e3-8a89-c6244595e6a2,SI,初階牌組100,初階牌組100,2022-02-18,414,422,422,422
zh-tw,zh-tw:tcgdex-796afd47e430-full-primary-2026-08-19,834c9416-bd5e-4a1d-9170-d8e4ba817d20,S9a,對戰地區,對戰地區,2022-03-11,67,67,67,112
zh-tw,zh-tw:tcgdex-796afd47e430-full-primary-2026-08-19,99d2cff9-6664-4b0f-8e9a-f9c9ed4fd563,SLD,起始組合VSTAR 達克萊伊,起始組合VSTAR 達克萊伊,2022-03-11,20,21,21,21
zh-tw,zh-tw:tcgdex-796afd47e430-full-primary-2026-08-19,c1a9f285-94bb-40a6-acef-547a5a0b0fb0,SLL,起始組合VSTAR 路卡利歐,起始組合VSTAR 路卡利歐,2022-03-11,21,22,22,22
zh-tw,zh-tw:tcgdex-796afd47e430-full-primary-2026-08-19,fd0c18a1-c4c3-451d-a43f-4593cd07804e,S10D,時間觀察者,時間觀察者,2022-04-22,67,67,67,67
zh-tw,zh-tw:tcgdex-796afd47e430-full-primary-2026-08-19,71a109c6-2c3a-4e6d-ae1b-4cdce9441c8c,S10P,空間魔術師,空間魔術師,2022-04-22,67,67,67,67
zh-tw,zh-tw:tcgdex-796afd47e430-full-primary-2026-08-19,9a71e2aa-241a-4895-9224-959e6983c4a3,S10a,黑暗亡靈,黑暗亡靈,2022-05-27,71,71,71,120
zh-tw,zh-tw:tcgdex-796afd47e430-full-primary-2026-08-19,ff1e5d11-3043-4137-a0a2-bc2b2da43d9e,S10b,Pokémon GO,Pokémon GO,2022-06-17,71,79,79,79
zh-tw,zh-tw:tcgdex-796afd47e430-full-primary-2026-08-19,a7f84e96-a008-47f0-8b41-a05de3f23618,S11,三連音爆,三連音爆,2022-07-29,100,100,100,100
zh-tw,zh-tw:tcgdex-796afd47e430-full-primary-2026-08-19,b29d2b28-f5a2-474a-9173-0d29fb5aeb55,SP6,VSTAR特別組合,VSTAR特別組合,2022-08-26,6,6,6,6
zh-tw,zh-tw:tcgdex-796afd47e430-full-primary-2026-08-19,2d2c36be-9511-4b30-9979-ad6af1a4f9ee,SPD,VSTAR&VMAX 高級牌組 代歐奇希斯,VSTAR&VMAX 高級牌組 代歐奇希斯,2022-08-26,20,20,20,20
zh-tw,zh-tw:tcgdex-796afd47e430-full-primary-2026-08-19,0dc7982d-2a45-4984-b930-0d4e688d4fa9,SPZ,VSTAR&VMAX 高級牌組 捷拉奧拉,VSTAR&VMAX 高級牌組 捷拉奧拉,2022-08-26,20,20,20,20
zh-tw,zh-tw:tcgdex-796afd47e430-full-primary-2026-08-19,545b8020-25d6-4e10-b380-1856f905956f,S11a,白熱奧祕,白熱奧祕,2022-09-16,68,68,68,114
zh-tw,zh-tw:tcgdex-796afd47e430-full-primary-2026-08-19,9932f014-e867-49a3-8597-424386f59ba5,SN,初階牌組100 特別版,初階牌組100 特別版,2022-10-02,24,25,25,25
zh-tw,zh-tw:tcgdex-796afd47e430-full-primary-2026-08-19,eb834c9a-e8b3-474b-8ddb-6f57bf58d3d2,S12,思維激盪,思維激盪,2022-11-04,98,114,114,114
zh-tw,zh-tw:tcgdex-796afd47e430-full-primary-2026-08-19,86911534-c30a-4701-9443-2eb4916d2fe8,SDL,噴火龍,噴火龍,2022-11-04,21,21,21,21
zh-tw,zh-tw:tcgdex-796afd47e430-full-primary-2026-08-19,1ff38683-60fc-448a-9e8e-f6096dd8608b,SDM,超夢,超夢,2022-11-04,22,22,22,22
zh-tw,zh-tw:tcgdex-796afd47e430-full-primary-2026-08-19,8f6936bf-5b7c-4072-9331-e85f423ade80,SDP,皮卡丘,皮卡丘,2022-11-04,22,22,22,22
zh-tw,zh-tw:tcgdex-796afd47e430-full-primary-2026-08-19,25b5a960-6481-497d-86b8-b0845a504501,SV-P,特典卡 朱&紫,特典卡 朱&紫,2022-11-29,0,94,94,94
zh-tw,zh-tw:tcgdex-796afd47e430-full-primary-2026-08-19,eed3fcbd-fd4c-4b7f-9b75-a68e15d61476,S12a,天地萬物VSTAR,天地萬物VSTAR,2022-12-02,172,250,250,339
zh-tw,zh-tw:tcgdex-796afd47e430-full-primary-2026-08-19,496f02eb-5cda-4b1b-a5cf-e46816c6f834,SV1V,紫ex,紫ex,2023-01-20,78,78,78,78
zh-tw,zh-tw:tcgdex-796afd47e430-full-primary-2026-08-19,92afdf21-b16e-4e85-b54f-5f0603cbf6fa,SV1S,朱ex,朱ex,2023-02-03,78,78,78,78
zh-tw,zh-tw:tcgdex-796afd47e430-full-primary-2026-08-19,88d9f4ce-d66f-46c6-9c98-cadcdbe617ff,SVB,頂級訓練家收藏箱ex,頂級訓練家收藏箱ex,2023-03-03,28,36,36,36
zh-tw,zh-tw:tcgdex-796afd47e430-full-primary-2026-08-19,f3d6f626-76dc-40f6-b20c-f37f76de7a69,SV1a,三連音爆,三連音爆,2023-03-24,73,73,73,73
zh-tw,zh-tw:tcgdex-796afd47e430-full-primary-2026-08-19,8ea4465e-f94f-4cb8-af60-8b7e954400b9,SV2D,碟旋暴擊,碟旋暴擊,2023-04-14,71,71,71,71
zh-tw,zh-tw:tcgdex-796afd47e430-full-primary-2026-08-19,0c790038-ee1a-411f-bd9c-fed9238c1c42,SV2P,冰雪險境,冰雪險境,2023-04-14,71,71,71,71
zh-tw,zh-tw:tcgdex-796afd47e430-full-primary-2026-08-19,0c39417c-7e51-4c2e-83a4-e7180ff18ed1,SVC,皮卡丘特別組合,皮卡丘特別組合,2023-04-28,21,22,22,22
zh-tw,zh-tw:tcgdex-796afd47e430-full-primary-2026-08-19,34e5af6e-66d0-4fea-98ce-b1fa1ec1d1dd,SVP1,ex特別組合,ex特別組合,2023-06-02,7,7,7,7
zh-tw,zh-tw:tcgdex-796afd47e430-full-primary-2026-08-19,3c0c1ae1-7d62-4384-97f1-734ff9460162,SV2a,寶可夢卡牌151,寶可夢卡牌151,2023-06-16,165,207,207,360
zh-tw,zh-tw:tcgdex-796afd47e430-full-primary-2026-08-19,aeacc226-2669-41be-87af-adb0792b6a26,SVD,ex初階牌組,ex初階牌組,2023-07-21,139,147,147,147
zh-tw,zh-tw:tcgdex-796afd47e430-full-primary-2026-08-19,0dbaa91f-c0c6-497d-8ef0-fc4370c5ed8a,SV3,黯焰支配者,黯焰支配者,2023-08-11,108,138,138,138
zh-tw,zh-tw:tcgdex-796afd47e430-full-primary-2026-08-19,bb1ba963-5030-4f3f-8f06-dee6c668fb05,SVAL,起始組合ex 呆火鱷&電龍 ex,起始組合ex 呆火鱷&電龍 ex,2023-08-11,21,23,23,23
zh-tw,zh-tw:tcgdex-796afd47e430-full-primary-2026-08-19,005e4850-7601-4765-b538-290882ded6d8,SVAM,起始組合ex 新葉喵&路卡利歐 ex,起始組合ex 新葉喵&路卡利歐 ex,2023-08-11,23,25,25,25
zh-tw,zh-tw:tcgdex-796afd47e430-full-primary-2026-08-19,2f9aa179-e91b-4643-84d6-968944833c66,SVAW,起始組合ex 潤水鴨&謎擬Ｑ ex,起始組合ex 潤水鴨&謎擬Ｑ ex,2023-08-11,23,25,25,25
zh-tw,zh-tw:tcgdex-796afd47e430-full-primary-2026-08-19,319b65a2-a424-4273-bfff-6c18965ab00a,SVF,黯焰支配者,黯焰支配者,2023-08-11,38,46,46,46
zh-tw,zh-tw:tcgdex-796afd47e430-full-primary-2026-08-19,16b683e4-6270-4625-9fae-b2478a08c659,SV3a,激狂駭浪,激狂駭浪,2023-09-22,62,89,89,89
zh-tw,zh-tw:tcgdex-796afd47e430-full-primary-2026-08-19,471359a2-3314-463e-aea4-d5c302663333,SVEL,骨紋巨聲鱷ex,骨紋巨聲鱷ex,2023-09-29,20,21,21,21
zh-tw,zh-tw:tcgdex-796afd47e430-full-primary-2026-08-19,afefc691-41e8-4ac7-97d8-776ded533215,SVEM,超夢ex,超夢ex,2023-09-29,20,21,21,21
zh-tw,zh-tw:tcgdex-796afd47e430-full-primary-2026-08-19,15442620-179d-4442-a040-d9fa0060c7e4,SV4K,古代咆哮,古代咆哮,2023-10-27,66,66,66,66
zh-tw,zh-tw:tcgdex-796afd47e430-full-primary-2026-08-19,2abc3c6e-7715-4f79-900f-a2c567e4e1c9,SV4M,未來閃光,未來閃光,2023-10-27,66,66,66,66
zh-tw,zh-tw:tcgdex-796afd47e430-full-primary-2026-08-19,34f73eff-5db3-4617-bd57-73421edebb86,SV4a,閃色寶藏ex,閃色寶藏ex,2023-12-01,190,314,314,407
zh-tw,zh-tw:tcgdex-796afd47e430-full-primary-2026-08-19,6979a86e-8439-443d-b8b3-b9e2ebfb0bd3,SV5M,異度審判,異度審判,2024-01-26,71,97,97,97
zh-tw,zh-tw:tcgdex-796afd47e430-full-primary-2026-08-19,2cc9e59f-b9d6-42db-9426-d5d18faab0c9,SV5K,狂野之力,Wild Force,2024-02-02,71,100,46,46
zh-tw,zh-tw:tcgdex-796afd47e430-full-primary-2026-08-19,c1728b7e-684e-445f-a12b-4f7b2dcc8fba,SVHK,未來密勒頓ex,未來密勒頓ex,2024-02-02,22,24,24,24
zh-tw,zh-tw:tcgdex-796afd47e430-full-primary-2026-08-19,d72c9fe3-b3d5-4a4d-9fcc-eb7cca2a88bc,SVHM,閃色寶藏ex,閃色寶藏ex,2024-02-02,22,24,24,24
zh-tw,zh-tw:tcgdex-796afd47e430-full-primary-2026-08-19,8dc60098-a384-4259-88b9-d2efa74b5a1d,SV5a,緋紅薄霧,緋紅薄霧,2024-03-22,66,66,66,66
zh-tw,zh-tw:tcgdex-796afd47e430-full-primary-2026-08-19,b933f0ba-40ac-4846-80ee-74c4a2b1cf71,SV6,變幻假面,變幻假面,2024-04-26,101,130,130,130
zh-tw,zh-tw:tcgdex-796afd47e430-full-primary-2026-08-19,adcb6f6c-95f3-4a55-b9e5-464ed79a1ac3,SV6a,黑夜漫遊者,黑夜漫遊者,2024-06-07,64,64,64,64
zh-tw,zh-tw:tcgdex-796afd47e430-full-primary-2026-08-19,bf50694e-8be5-4fa4-a77e-6fdb73ec17ac,SV7,星晶奇跡,星晶奇跡,2024-07-19,102,132,132,132
zh-tw,zh-tw:tcgdex-796afd47e430-full-primary-2026-08-19,e044ea13-4498-4aa8-b46c-71bcc203bc89,SV7a,樂園騰龍,樂園騰龍,2024-09-13,64,64,64,64
zh-tw,zh-tw:tcgdex-796afd47e430-full-primary-2026-08-19,05597373-2080-4842-bb67-c314e884f856,SV8,超電突圍,超電突圍,2024-10-18,106,106,106,106
zh-tw,zh-tw:tcgdex-796afd47e430-full-primary-2026-08-19,d53eee17-75b8-48a8-bde5-50ac129a3558,SV8a,太晶慶典ex,太晶慶典ex,2024-12-06,187,237,237,382
zh-tw,zh-tw:tcgdex-796afd47e430-full-primary-2026-08-19,cd44897f-ea2e-4f63-b662-e4ddce1ac7e7,SV9,對戰搭檔,對戰搭檔,2025-01-24,100,100,100,100
zh-tw,zh-tw:tcgdex-796afd47e430-full-primary-2026-08-19,664d717f-745d-4178-ae4f-5863ae558a2f,SV9a,熱風競技場,熱風競技場,2025-03-14,63,92,92,92
zh-tw,zh-tw:tcgdex-796afd47e430-full-primary-2026-08-19,4f84057b-edcf-4523-967c-5997ae696987,SV10,火箭隊的榮耀,Destined Rivals,2025-05-02,98,98,98,98
